check_name,comment,country,area,1994,1995,1996,1997,1998,1999,2000,2001,2002,2003,2004,2005,2006,2007,2008,2009,2010,2011,2012
check_zero_vert_open_valid_ta_o,Check in case of valid records if vertical_opening is zero,ESP,1,0,0,0,0,0,0,0,0,0,0,0,0,0,5,0,0,1,0,0
check_zero_vert_open_valid_ta_o,Check in case of valid records if vertical_opening is zero,ESP,6,0,0,0,0,0,0,0,0,0,0,0,0,0,0,1,0,2,2,0
check_zero_vert_open_valid_ta_o,Check in case of valid records if vertical_opening is zero,FRA,7,2,0,0,2,1,2,3,4,1,1,66,1,0,4,1,0,13,0,0
check_zero_vert_open_valid_ta_o,Check in case of valid records if vertical_opening is zero,FRA,8,3,1,0,0,1,0,0,0,0,0,24,0,0,0,0,0,1,0,0
check_zero_vert_open_valid_ta_o,Check in case of valid records if vertical_opening is zero,ITA,16,0,0,0,0,0,0,0,0,0,65,65,108,114,120,120,120,120,120,0
check_zero_warp_diam_valid_ta_o,Check in case of valid records if warp_diameter is zero,ITA,17,0,0,0,0,0,0,0,0,180,181,181,182,179,182,182,183,182,182,0
check_zero_wing_ope_valid_ta_o,Check in case of valid records if wing_opening is zero,ESP,1,26,0,0,0,0,0,0,0,0,0,0,0,0,0,0,0,2,0,0
check_zero_wing_ope_valid_ta_o,Check in case of valid records if wing_opening is zero,ESP,6,52,0,0,0,0,0,0,0,0,0,0,0,0,0,0,0,0,3,0
rome_bridles_len_mean_depth_ta_o,Check if the value of bridles length is consistent according to the mean depth,CYP,25,0,0,0,0,0,0,0,0,0,0,0,4,25,25,27,27,27,26,26
rome_bridles_len_mean_depth_ta_o,Check if the value of bridles length is consistent according to the mean depth,ESP,1,8,9,12,10,12,12,12,13,13,15,13,11,19,13,9,9,6,7,0
rome_bridles_len_mean_depth_ta_o,Check if the value of bridles length is consistent according to the mean depth,ESP,2,0,0,0,0,0,0,0,0,0,0,0,0,0,0,0,0,0,4,0
rome_bridles_len_mean_depth_ta_o,Check if the value of bridles length is consistent according to the mean depth,ESP,5,0,2,2,1,2,2,0,2,2,0,2,2,0,11,45,11,8,10,0
rome_bridles_len_mean_depth_ta_o,Check if the value of bridles length is consistent according to the mean depth,ESP,6,7,11,11,8,4,10,7,8,7,11,11,8,12,9,8,9,7,8,0
rome_bridles_len_mean_depth_ta_o,Check if the value of bridles length is consistent according to the mean depth,FRA,7,3,4,2,7,6,8,8,9,2,5,6,7,6,6,1,3,9,5,5
rome_bridles_len_mean_depth_ta_o,Check if the value of bridles length is consistent according to the mean depth,FRA,8,0,5,2,2,2,1,1,0,0,3,3,2,1,3,4,4,0,4,3
rome_bridles_len_mean_depth_ta_o,Check if the value of bridles length is consistent according to the mean depth,ITA,10,28,0,0,0,0,0,0,0,0,0,0,0,0,0,0,0,0,0,0
rome_bridles_len_mean_depth_ta_o,Check if the value of bridles length is consistent according to the mean depth,ITA,11,108,63,125,126,123,123,120,121,16,15,15,16,16,17,16,16,17,0,0
rome_bridles_len_mean_depth_ta_o,Check if the value of bridles length is consistent according to the mean depth,ITA,16,10,14,14,13,14,14,14,14,20,20,19,32,33,38,38,38,38,38,0
rome_bridles_len_mean_depth_ta_o,Check if the value of bridles length is consistent according to the mean depth,ITA,17,0,0,0,0,0,0,0,0,1,136,179,33,1,59,0,60,73,0,0
rome_bridles_len_mean_depth_ta_o,Check if the value of bridles length is consistent according to the mean depth,ITA,18,10,0,0,0,0,0,0,0,0,0,0,0,0,0,0,0,0,0,0
rome_bridles_len_mean_depth_ta_o,Check if the value of bridles length is consistent according to the mean depth,ITA,19,0,0,32,32,32,32,32,32,29,29,29,28,2,2,2,3,0,3,0
rome_bridles_len_mean_depth_ta_o,Check if the value of bridles length is consistent according to the mean depth,ITA,9,4,34,33,31,33,31,31,32,27,26,24,23,23,56,56,58,64,0,0
rome_bridles_len_mean_depth_ta_o,Check if the value of bridles length is consistent according to the mean depth,MLT,15,0,0,0,0,0,0,0,0,16,16,16,17,16,17,17,15,15,16,14
rome_check_haul_coord_distance_ta_o,Check consistency of the hauls coordinates with the distance (adjusted to 100% difference),CYP,25,0,0,0,0,0,0,0,0,0,0,0,5,0,0,0,0,0,0,0
rome_check_haul_coord_distance_ta_o,Check consistency of the hauls coordinates with the distance (adjusted to 100% difference),ESP,1,1,0,0,0,0,0,0,0,0,0,0,0,0,1,1,2,1,0,0
rome_check_haul_coord_distance_ta_o,Check consistency of the hauls coordinates with the distance (adjusted to 100% difference),ESP,6,0,0,1,0,0,0,0,0,0,0,0,0,0,3,1,5,1,1,0
rome_check_haul_coord_distance_ta_o,Check consistency of the hauls coordinates with the distance (adjusted to 100% difference),FRA,7,0,0,0,0,0,0,0,0,0,0,0,0,0,0,0,0,0,0,1
rome_check_haul_coord_distance_ta_o,Check consistency of the hauls coordinates with the distance (adjusted to 100% difference),FRA,8,0,0,1,0,0,0,0,0,0,0,0,0,0,0,0,0,0,0,0
rome_check_haul_coord_distance_ta_o,Check consistency of the hauls coordinates with the distance (adjusted to 100% difference),ITA,11,0,0,2,1,4,1,1,1,0,1,1,1,1,0,0,1,0,0,0
rome_check_haul_coord_distance_ta_o,Check consistency of the hauls coordinates with the distance (adjusted to 100% difference),ITA,16,0,0,0,0,0,0,0,0,0,0,1,0,0,0,0,0,0,0,0
rome_check_haul_coord_distance_ta_o,Check consistency of the hauls coordinates with the distance (adjusted to 100% difference),ITA,17,0,0,0,0,0,0,0,0,0,0,0,0,0,0,2,0,0,0,0
rome_check_haul_coord_distance_ta_o,Check consistency of the hauls coordinates with the distance (adjusted to 100% difference),ITA,18,2,0,0,1,0,0,1,0,0,0,0,0,0,0,0,0,0,0,0
rome_check_haul_coord_distance_ta_o,Check consistency of the hauls coordinates with the distance (adjusted to 100% difference),ITA,19,0,0,0,0,0,0,0,0,1,2,1,0,0,0,0,0,1,0,0
rome_check_haul_coord_distance_ta_o,Check consistency of the hauls coordinates with the distance (adjusted to 100% difference),ITA,9,0,0,0,0,0,0,0,1,2,2,0,1,0,1,1,1,2,2,0
rome_consistency_wght_frac_tc_tot_wght_tb_o,Check consistency between WEIGHT_OF_THE_FRACTION in TC and TOTAL_WEIGHT_IN_HAUL in TB,CYP,25,0,0,0,0,0,0,0,0,0,0,0,2,3,1,5,0,0,0,0
rome_consistency_wght_frac_tc_tot_wght_tb_o,Check consistency between WEIGHT_OF_THE_FRACTION in TC and TOTAL_WEIGHT_IN_HAUL in TB,ESP,1,0,1,4,1,0,1,6,0,5,1,7,0,7,0,0,0,0,0,0
rome_consistency_wght_frac_tc_tot_wght_tb_o,Check consistency between WEIGHT_OF_THE_FRACTION in TC and TOTAL_WEIGHT_IN_HAUL in TB,ESP,5,0,1,0,0,0,0,0,0,1,0,2,0,0,0,0,0,2,0,0
rome_consistency_wght_frac_tc_tot_wght_tb_o,Check consistency between WEIGHT_OF_THE_FRACTION in TC and TOTAL_WEIGHT_IN_HAUL in TB,ESP,6,1,0,4,7,0,12,40,4,10,6,16,2,20,0,0,0,1,0,0
rome_consistency_wght_frac_tc_tot_wght_tb_o,Check consistency between WEIGHT_OF_THE_FRACTION in TC and TOTAL_WEIGHT_IN_HAUL in TB,FRA,7,1,19,1,16,56,55,62,63,55,70,66,61,63,63,51,55,54,56,65
rome_consistency_wght_frac_tc_tot_wght_tb_o,Check consistency between WEIGHT_OF_THE_FRACTION in TC and TOTAL_WEIGHT_IN_HAUL in TB,FRA,8,0,2,23,6,3,6,7,15,0,17,15,14,16,15,20,14,15,15,23
rome_consistency_wght_frac_tc_tot_wght_tb_o,Check consistency between WEIGHT_OF_THE_FRACTION in TC and TOTAL_WEIGHT_IN_HAUL in TB,ITA,11,0,0,0,0,0,0,0,0,0,0,0,0,0,3,1,1,1,0,0
rome_consistency_wght_frac_tc_tot_wght_tb_o,Check consistency between WEIGHT_OF_THE_FRACTION in TC and TOTAL_WEIGHT_IN_HAUL in TB,ITA,16,0,2,0,0,0,2,4,0,0,40,35,65,75,91,83,73,77,73,0
rome_consistency_wght_frac_tc_tot_wght_tb_o,Check consistency between WEIGHT_OF_THE_FRACTION in TC and TOTAL_WEIGHT_IN_HAUL in TB,ITA,18,0,0,0,0,0,0,0,0,0,0,0,0,0,0,0,1,0,0,0
rome_consistency_wght_frac_tc_tot_wght_tb_o,Check consistency between WEIGHT_OF_THE_FRACTION in TC and TOTAL_WEIGHT_IN_HAUL in TB,ITA,9,0,9,0,0,0,0,0,0,0,0,1,0,1,14,21,15,20,10,0
rome_consistency_wght_frac_tc_tot_wght_tb_o,Check consistency between WEIGHT_OF_THE_FRACTION in TC and TOTAL_WEIGHT_IN_HAUL in TB,MLT,15,0,0,0,0,0,0,0,0,33,45,44,41,43,41,45,45,42,43,43
rome_consistency_zero_weight_tot_number_tb_o,Check consistency between not null weight and not null total number,ESP,6,0,0,0,0,0,0,0,0,0,0,0,0,0,0,0,0,0,1,0
rome_consistency_zero_weight_tot_number_tb_o,Check consistency between not null weight and not null total number,FRA,7,0,0,0,0,0,0,0,0,0,0,0,0,0,0,0,0,0,0,44
rome_consistency_zero_weight_tot_number_tb_o,Check consistency between not null weight and not null total number,FRA,8,0,0,0,0,0,0,0,0,0,0,0,0,0,0,0,0,0,0,8
rome_consistency_zero_weight_tot_number_tb_o,Check consistency between not null weight and not null total number,ITA,11,0,0,0,4,0,0,0,0,0,0,0,0,0,0,0,0,0,0,0
rome_consistency_zero_weight_tot_number_tb_o,Check consistency between not null weight and not null total number,ITA,16,0,0,0,0,0,0,0,0,0,0,0,0,0,0,24,21,15,19,0
rome_consistency_zero_weight_tot_number_tb_o,Check consistency between not null weight and not null total number,ITA,17,0,0,0,0,0,0,0,0,0,0,0,0,0,0,0,0,0,2,0
rome_consistency_zero_weight_tot_number_tb_o,Check consistency between not null weight and not null total number,ITA,19,0,0,0,1,2,0,0,0,1,0,6,0,2,0,0,0,0,2,0
rome_consistency_zero_weight_tot_number_tb_o,Check consistency between not null weight and not null total number,ITA,9,8,9,0,0,0,0,10,0,0,0,0,1,5,4,10,0,14,0,0
rome_consistency_zero_weight_tot_number_tb_o,Check consistency between not null weight and not null total number,SVN,17,0,0,0,0,0,0,0,1,0,0,1,0,0,0,0,0,0,0,0
rome_diff_start_depth_hauling_depth_ta_o,Check if that difference between start depth and end depth is not greater than 20%,CYP,25,0,0,0,0,0,0,0,0,0,0,0,0,2,0,2,0,0,0,0
rome_diff_start_depth_hauling_depth_ta_o,Check if that difference between start depth and end depth is not greater than 20%,ESP,1,0,0,0,0,0,0,0,0,2,0,0,0,0,0,0,0,0,0,0
rome_diff_start_depth_hauling_depth_ta_o,Check if that difference between start depth and end depth is not greater than 20%,ESP,5,0,0,0,0,0,0,0,0,0,0,0,0,0,2,0,0,1,0,0
rome_diff_start_depth_hauling_depth_ta_o,Check if that difference between start depth and end depth is not greater than 20%,ESP,6,0,0,0,0,0,0,0,0,1,0,0,0,0,0,0,0,0,1,0
rome_diff_start_depth_hauling_depth_ta_o,Check if that difference between start depth and end depth is not greater than 20%,FRA,7,1,0,0,1,0,0,1,0,0,0,0,2,0,1,0,0,0,0,0
rome_diff_start_depth_hauling_depth_ta_o,Check if that difference between start depth and end depth is not greater than 20%,FRA,8,0,1,1,0,0,0,0,0,0,0,0,0,0,0,0,0,0,0,0
rome_diff_start_depth_hauling_depth_ta_o,Check if that difference between start depth and end depth is not greater than 20%,ITA,10,5,3,7,4,8,6,5,5,1,2,1,3,0,0,0,1,0,1,0
rome_diff_start_depth_hauling_depth_ta_o,Check if that difference between start depth and end depth is not greater than 20%,ITA,11,0,5,2,0,0,0,0,0,2,0,2,0,2,3,3,4,1,5,0
rome_diff_start_depth_hauling_depth_ta_o,Check if that difference between start depth and end depth is not greater than 20%,ITA,16,2,1,1,0,1,1,2,2,2,3,2,2,3,3,7,7,10,10,0
rome_diff_start_depth_hauling_depth_ta_o,Check if that difference between start depth and end depth is not greater than 20%,ITA,17,0,0,0,0,0,0,0,0,2,1,1,2,5,2,1,2,2,3,0
rome_diff_start_depth_hauling_depth_ta_o,Check if that difference between start depth and end depth is not greater than 20%,ITA,18,0,0,1,1,0,0,3,4,2,3,2,0,1,1,1,2,0,1,0
rome_diff_start_depth_hauling_depth_ta_o,Check if that difference between start depth and end depth is not greater than 20%,ITA,19,0,0,0,1,4,0,4,1,0,2,2,2,2,3,4,1,2,3,0
rome_diff_start_depth_hauling_depth_ta_o,Check if that difference between start depth and end depth is not greater than 20%,ITA,9,1,0,0,0,0,0,0,0,0,0,0,1,0,0,0,0,1,1,0
rome_diff_start_depth_hauling_depth_ta_o,Check if that difference between start depth and end depth is not greater than 20%,MLT,15,0,0,0,0,0,0,0,0,1,1,1,2,1,0,2,3,1,2,4
rome_duration_consistency_ta_o,Check consistency among duration start time and end time of the haul in TA,ITA,11,0,0,0,0,0,0,0,0,1,0,0,0,0,0,0,0,0,0,0
rome_duration_consistency_ta_o,Check consistency among duration start time and end time of the haul in TA,ITA,18,0,0,0,0,1,0,0,0,0,0,0,0,0,0,0,0,0,0,0
rome_duration_consistency_ta_o,Check consistency among duration start time and end time of the haul in TA,ITA,9,0,0,0,0,0,0,0,0,0,0,0,0,0,9,2,3,2,0,0
rome_duration_consistency_ta_o,Check consistency among duration start time and end time of the haul in TA,SVN,17,0,0,0,0,0,0,0,0,0,0,0,0,0,0,0,1,0,0,0
rome_duration_distance_consistency_ta_o,Check between duration of the haul and distance (tolerance of 15%),CYP,25,0,0,0,0,0,0,0,0,0,0,0,1,1,2,0,1,0,2,0
rome_duration_distance_consistency_ta_o,Check between duration of the haul and distance (tolerance of 15%),ESP,1,5,0,2,6,10,6,7,7,2,7,0,0,1,0,0,3,1,0,0
rome_duration_distance_consistency_ta_o,Check between duration of the haul and distance (tolerance of 15%),ESP,5,0,0,1,2,2,1,0,1,0,0,0,0,0,0,1,2,1,1,0
rome_duration_distance_consistency_ta_o,Check between duration of the haul and distance (tolerance of 15%),ESP,6,15,3,0,6,19,7,8,4,4,3,2,0,1,1,0,1,1,2,0
rome_duration_distance_consistency_ta_o,Check between duration of the haul and distance (tolerance of 15%),FRA,7,7,0,1,6,2,2,2,2,2,0,1,0,1,0,2,1,1,1,0
rome_duration_distance_consistency_ta_o,Check between duration of the haul and distance (tolerance of 15%),FRA,8,3,2,1,7,2,0,1,0,0,0,0,1,0,0,0,0,0,0,0
rome_duration_distance_consistency_ta_o,Check between duration of the haul and distance (tolerance of 15%),ITA,10,17,0,1,0,0,1,0,1,1,3,3,0,0,0,1,2,3,1,0
rome_duration_distance_consistency_ta_o,Check between duration of the haul and distance (tolerance of 15%),ITA,11,49,36,42,57,46,39,33,50,31,26,25,62,57,49,60,57,51,46,0
rome_duration_distance_consistency_ta_o,Check between duration of the haul and distance (tolerance of 15%),ITA,16,7,1,0,0,3,0,0,0,0,1,0,0,0,0,0,0,0,0,0
rome_duration_distance_consistency_ta_o,Check between duration of the haul and distance (tolerance of 15%),ITA,17,0,0,0,0,0,0,0,0,12,6,3,13,25,29,1,1,0,0,0
rome_duration_distance_consistency_ta_o,Check between duration of the haul and distance (tolerance of 15%),ITA,18,2,1,0,0,1,0,0,0,1,2,0,0,1,1,2,1,2,1,0
rome_duration_distance_consistency_ta_o,Check between duration of the haul and distance (tolerance of 15%),ITA,19,0,0,0,6,1,1,5,4,3,0,0,0,0,0,0,0,1,0,0
rome_duration_distance_consistency_ta_o,Check between duration of the haul and distance (tolerance of 15%),ITA,9,59,43,19,22,18,50,7,5,2,1,22,2,2,0,0,0,3,1,0
rome_duration_distance_consistency_ta_o,Check between duration of the haul and distance (tolerance of 15%),MLT,15,0,0,0,0,0,0,0,0,0,0,4,0,0,2,1,2,1,0,9
rome_duration_distance_consistency_ta_o,Check between duration of the haul and distance (tolerance of 15%),SVN,17,0,0,0,0,1,1,0,0,0,0,0,0,0,0,0,0,0,0,0
rome_hauls_from_ta_in_tb_o,Check if all the hauls in TA are in TB,ESP,1,1,0,0,0,0,0,0,0,0,0,0,0,0,0,0,0,0,0,0
rome_hauls_from_ta_in_tb_o,Check if all the hauls in TA are in TB,ESP,5,0,0,0,0,0,0,0,0,0,0,0,0,0,0,0,1,0,0,0
rome_hauls_from_ta_in_tb_o,Check if all the hauls in TA are in TB,ESP,6,3,0,0,0,0,0,0,0,0,0,0,0,0,0,1,0,0,0,0
rome_hauls_from_ta_in_tb_o,Check if all the hauls in TA are in TB,FRA,7,0,0,53,13,23,23,22,22,0,23,22,23,23,20,0,20,16,0,0
rome_hauls_from_ta_in_tb_o,Check if all the hauls in TA are in TB,FRA,8,0,0,8,24,25,23,22,2,0,23,24,24,22,25,0,19,0,0,0
rome_hauls_from_ta_in_tb_o,Check if all the hauls in TA are in TB,ITA,11,1,0,0,0,0,0,0,0,0,0,0,0,0,0,0,0,0,0,0
rome_hauls_from_ta_in_tb_o,Check if all the hauls in TA are in TB,ITA,17,0,0,0,0,0,0,0,0,0,0,0,1,0,0,0,0,0,0,0
rome_hauls_from_ta_in_tc_o,Check if all the hauls in TA are in TC,ESP,1,2,0,0,0,0,0,0,0,0,0,0,0,0,0,0,0,0,0,0
rome_hauls_from_ta_in_tc_o,Check if all the hauls in TA are in TC,ESP,5,0,0,0,0,0,0,0,0,0,0,0,0,0,0,0,1,0,0,0
rome_hauls_from_ta_in_tc_o,Check if all the hauls in TA are in TC,ESP,6,3,0,0,0,0,0,0,0,0,0,0,0,0,0,1,0,0,0,0
rome_hauls_from_ta_in_tc_o,Check if all the hauls in TA are in TC,FRA,7,4,1,53,14,23,23,22,22,0,23,22,23,23,20,0,20,18,0,0
rome_hauls_from_ta_in_tc_o,Check if all the hauls in TA are in TC,FRA,8,0,0,8,24,25,23,22,2,0,23,24,24,22,25,0,19,0,0,0
rome_hauls_from_ta_in_tc_o,Check if all the hauls in TA are in TC,ITA,10,0,0,0,0,0,0,1,1,1,0,0,0,0,0,0,0,0,0,0
rome_hauls_from_ta_in_tc_o,Check if all the hauls in TA are in TC,ITA,11,2,0,0,2,0,0,0,0,0,0,0,0,0,0,0,0,0,0,0
rome_hauls_from_ta_in_tc_o,Check if all the hauls in TA are in TC,ITA,16,0,0,1,0,0,0,0,0,0,0,0,0,0,0,0,0,0,0,0
rome_hauls_from_ta_in_tc_o,Check if all the hauls in TA are in TC,ITA,17,0,0,0,0,0,0,0,0,0,0,0,1,0,0,0,0,2,0,0
rome_hauls_from_ta_in_tc_o,Check if all the hauls in TA are in TC,ITA,18,1,1,0,0,0,0,0,0,0,0,0,0,0,1,0,0,0,0,0
rome_hauls_from_ta_in_tc_o,Check if all the hauls in TA are in TC,ITA,19,0,0,0,0,0,0,0,0,0,1,1,0,0,0,0,0,0,0,0
rome_hauls_from_ta_in_tc_o,Check if all the hauls in TA are in TC,ITA,9,2,0,1,0,0,0,0,0,1,0,0,0,0,0,0,0,0,0,0
rome_hauls_from_ta_in_tc_o,Check if all the hauls in TA are in TC,MLT,15,0,0,0,0,0,0,0,0,0,0,0,0,0,0,0,0,0,0,1
rome_hauls_from_tb_in_ta_o,Check if all the hauls in TB are in TA,ESP,5,0,0,0,0,0,0,0,0,0,0,0,0,0,0,0,0,0,1,0
rome_hauls_from_tb_in_ta_o,Check if all the hauls in TB are in TA,FRA,7,0,0,8,24,25,23,22,2,0,23,24,24,22,25,0,20,0,0,0
rome_hauls_from_tb_in_ta_o,Check if all the hauls in TB are in TA,FRA,8,0,0,53,13,24,23,23,22,0,23,23,23,23,20,0,21,17,0,0
rome_hauls_from_tb_in_ta_o,Check if all the hauls in TB are in TA,ITA,17,0,0,0,0,0,0,0,0,0,0,0,1,0,8,0,0,0,0,0
rome_hauls_from_tb_in_ta_o,Check if all the hauls in TB are in TA,ITA,9,0,0,0,0,0,0,0,0,0,0,2,0,0,0,0,0,0,0,0
rome_hauls_from_tb_in_tc_o,Check if all the hauls in TB are in TC,ESP,1,1,0,0,0,0,0,0,0,0,0,0,0,0,0,0,0,0,0,0
rome_hauls_from_tb_in_tc_o,Check if all the hauls in TB are in TC,FRA,7,4,1,0,1,0,0,0,0,0,0,0,0,0,1,0,0,3,0,0
rome_hauls_from_tb_in_tc_o,Check if all the hauls in TB are in TC,FRA,8,1,0,0,0,0,0,1,0,0,0,1,0,0,1,0,1,1,0,0
rome_hauls_from_tb_in_tc_o,Check if all the hauls in TB are in TC,ITA,10,0,0,0,0,0,0,1,1,1,0,0,0,0,0,0,0,0,0,0
rome_hauls_from_tb_in_tc_o,Check if all the hauls in TB are in TC,ITA,11,1,0,0,2,0,0,0,0,0,0,0,0,0,0,0,0,0,0,0
rome_hauls_from_tb_in_tc_o,Check if all the hauls in TB are in TC,ITA,16,0,0,1,0,0,0,0,0,0,0,0,0,0,0,0,0,0,0,0
rome_hauls_from_tb_in_tc_o,Check if all the hauls in TB are in TC,ITA,17,0,0,0,0,0,0,0,0,1,0,0,0,1,9,0,0,2,0,0
rome_hauls_from_tb_in_tc_o,Check if all the hauls in TB are in TC,ITA,18,1,1,0,0,0,0,0,0,0,0,0,0,0,1,0,0,0,0,0
rome_hauls_from_tb_in_tc_o,Check if all the hauls in TB are in TC,ITA,19,0,0,0,0,0,0,0,0,0,1,1,0,0,0,0,0,0,0,0
rome_hauls_from_tb_in_tc_o,Check if all the hauls in TB are in TC,ITA,9,2,0,1,0,0,0,0,0,1,0,2,0,0,0,0,0,0,0,0
rome_hauls_from_tb_in_tc_o,Check if all the hauls in TB are in TC,MLT,15,0,0,0,0,0,0,0,0,0,0,0,0,0,0,0,0,0,0,1
rome_hauls_from_tc_in_ta_o,Check if all the hauls in TC are in TA,ESP,5,0,0,0,0,0,0,0,0,0,0,0,0,0,0,0,0,0,1,0
rome_hauls_from_tc_in_ta_o,Check if all the hauls in TC are in TA,FRA,7,0,0,8,24,25,23,22,2,0,23,24,24,22,24,0,20,0,0,0
rome_hauls_from_tc_in_ta_o,Check if all the hauls in TC are in TA,FRA,8,0,0,53,13,24,23,22,22,0,23,22,23,23,19,0,20,16,0,0
rome_hauls_from_tc_in_ta_o,Check if all the hauls in TC are in TA,ITA,17,0,0,0,0,0,0,0,0,0,0,0,1,0,0,0,0,0,0,0
rome_num_sex_eq_sum_nb_length_sex_tc_o,Internal check  in TC (the number per sex must be equal to the sum of nb per length per sex),CYP,25,0,0,0,0,0,0,0,0,0,0,0,2,0,1,0,0,0,0,1
rome_num_sex_eq_sum_nb_length_sex_tc_o,Internal check  in TC (the number per sex must be equal to the sum of nb per length per sex),ESP,1,1,1,3,3,0,1,1,0,0,0,0,1,2,45,42,39,0,0,0
rome_num_sex_eq_sum_nb_length_sex_tc_o,Internal check  in TC (the number per sex must be equal to the sum of nb per length per sex),ESP,5,0,0,0,0,0,0,0,1,0,0,0,0,0,55,55,54,3,0,0
rome_num_sex_eq_sum_nb_length_sex_tc_o,Internal check  in TC (the number per sex must be equal to the sum of nb per length per sex),ESP,6,3,4,2,5,0,1,5,1,1,6,2,2,5,64,76,75,1,0,0
rome_num_sex_eq_sum_nb_length_sex_tc_o,Internal check  in TC (the number per sex must be equal to the sum of nb per length per sex),FRA,7,0,0,0,0,0,1,1,0,1,3,0,4,6,7,1,0,0,0,0
rome_num_sex_eq_sum_nb_length_sex_tc_o,Internal check  in TC (the number per sex must be equal to the sum of nb per length per sex),FRA,8,0,0,0,0,0,2,1,0,0,1,2,4,5,2,0,0,0,0,0
rome_num_sex_eq_sum_nb_length_sex_tc_o,Internal check  in TC (the number per sex must be equal to the sum of nb per length per sex),ITA,11,12,15,12,9,8,24,15,9,1,7,2,22,0,0,0,0,0,0,0
rome_num_sex_eq_sum_nb_length_sex_tc_o,Internal check  in TC (the number per sex must be equal to the sum of nb per length per sex),ITA,16,13,6,5,0,0,3,0,1,0,0,7,23,18,18,18,25,9,10,0
rome_num_sex_eq_sum_nb_length_sex_tc_o,Internal check  in TC (the number per sex must be equal to the sum of nb per length per sex),ITA,17,0,0,0,0,0,0,0,0,0,0,0,0,0,1,0,0,0,0,0
rome_num_sex_eq_sum_nb_length_sex_tc_o,Internal check  in TC (the number per sex must be equal to the sum of nb per length per sex),ITA,19,0,0,4,2,3,0,7,4,7,3,3,4,6,1,1,0,4,0,0
rome_num_sex_eq_sum_nb_length_sex_tc_o,Internal check  in TC (the number per sex must be equal to the sum of nb per length per sex),ITA,9,19,18,2,3,10,1,4,6,5,3,2,4,4,1,2,2,4,0,0
rome_num_sex_eq_sum_nb_length_sex_tc_o,Internal check  in TC (the number per sex must be equal to the sum of nb per length per sex),SVN,17,0,0,0,0,0,0,0,0,0,0,0,0,0,0,0,0,0,1,0
rome_shooting_depth_hauling_depth_same_stratum_ta_o,Start depth and end depth of each haul should be in the same stratum,CYP,25,0,0,0,0,0,0,0,0,0,0,0,0,0,1,0,1,0,0,0
rome_shooting_depth_hauling_depth_same_stratum_ta_o,Start depth and end depth of each haul should be in the same stratum,ESP,1,0,0,0,0,0,2,0,1,5,2,3,2,2,3,4,1,0,0,0
rome_shooting_depth_hauling_depth_same_stratum_ta_o,Start depth and end depth of each haul should be in the same stratum,ESP,2,0,0,0,0,0,0,0,0,0,0,0,0,0,0,0,0,0,1,0
rome_shooting_depth_hauling_depth_same_stratum_ta_o,Start depth and end depth of each haul should be in the same stratum,ESP,5,0,0,0,0,0,0,0,0,0,0,0,0,0,2,1,1,2,2,0
rome_shooting_depth_hauling_depth_same_stratum_ta_o,Start depth and end depth of each haul should be in the same stratum,ESP,6,0,0,1,0,1,0,0,1,2,2,2,0,2,0,1,2,1,3,0
rome_shooting_depth_hauling_depth_same_stratum_ta_o,Start depth and end depth of each haul should be in the same stratum,FRA,7,3,2,2,2,2,5,5,6,3,6,6,2,8,5,4,5,6,6,5
rome_shooting_depth_hauling_depth_same_stratum_ta_o,Start depth and end depth of each haul should be in the same stratum,FRA,8,1,3,1,1,1,2,2,0,0,1,2,3,1,2,2,6,0,2,2
rome_shooting_depth_hauling_depth_same_stratum_ta_o,Start depth and end depth of each haul should be in the same stratum,ITA,10,0,3,3,2,2,0,2,1,2,0,2,2,1,0,2,0,0,0,0
rome_shooting_depth_hauling_depth_same_stratum_ta_o,Start depth and end depth of each haul should be in the same stratum,ITA,11,7,14,8,5,6,4,2,4,3,6,5,3,2,8,5,4,3,0,0
rome_shooting_depth_hauling_depth_same_stratum_ta_o,Start depth and end depth of each haul should be in the same stratum,ITA,16,1,2,0,1,0,3,1,0,3,2,3,10,0,3,0,3,3,7,0
rome_shooting_depth_hauling_depth_same_stratum_ta_o,Start depth and end depth of each haul should be in the same stratum,ITA,17,0,0,0,0,0,0,0,0,1,6,8,8,5,2,2,2,4,8,0
rome_shooting_depth_hauling_depth_same_stratum_ta_o,Start depth and end depth of each haul should be in the same stratum,ITA,18,1,3,3,1,4,6,5,6,4,5,4,2,2,3,4,3,0,2,0
rome_shooting_depth_hauling_depth_same_stratum_ta_o,Start depth and end depth of each haul should be in the same stratum,ITA,19,0,0,6,10,4,5,8,9,5,2,0,2,3,4,3,5,0,5,0
rome_shooting_depth_hauling_depth_same_stratum_ta_o,Start depth and end depth of each haul should be in the same stratum,ITA,9,3,5,2,5,1,4,3,4,3,6,4,1,2,5,8,6,2,3,0
rome_shooting_depth_hauling_depth_same_stratum_ta_o,Start depth and end depth of each haul should be in the same stratum,MLT,15,0,0,0,0,0,0,0,0,3,3,2,3,3,2,1,1,1,5,1
rome_shooting_eq_hauling_quadrant_o,Check if the haul start in the same quadrant,ESP,6,0,1,0,0,0,0,0,0,1,0,1,0,0,1,1,0,0,1,0
rome_target_species_from_tb_in_tc_o,Check if all the target species in tb are in tc,ESP,1,1,1,0,0,8,2,1,0,6,0,2,0,1,11,9,3,1,21,0
rome_target_species_from_tb_in_tc_o,Check if all the target species in tb are in tc,ESP,2,0,0,0,0,0,0,0,0,0,0,0,0,0,0,0,0,0,7,0
rome_target_species_from_tb_in_tc_o,Check if all the target species in tb are in tc,ESP,5,0,1,0,0,0,0,0,0,1,0,0,0,0,11,17,20,2,2,0
rome_target_species_from_tb_in_tc_o,Check if all the target species in tb are in tc,ESP,6,0,0,0,0,19,6,4,0,8,0,0,1,14,18,0,0,8,16,0
rome_target_species_from_tb_in_tc_o,Check if all the target species in tb are in tc,FRA,7,42,18,5,15,34,3,0,2,0,0,0,0,3,6,8,6,4,3,19
rome_target_species_from_tb_in_tc_o,Check if all the target species in tb are in tc,FRA,8,3,3,6,0,13,1,3,2,0,0,1,2,1,1,7,0,3,3,5
rome_target_species_from_tb_in_tc_o,Check if all the target species in tb are in tc,ITA,10,27,0,0,2,19,2,2,7,2,1,1,1,1,7,0,2,0,2,0
rome_target_species_from_tb_in_tc_o,Check if all the target species in tb are in tc,ITA,11,1,16,0,11,51,5,2,27,16,22,29,5,1,1,1,20,12,8,0
rome_target_species_from_tb_in_tc_o,Check if all the target species in tb are in tc,ITA,16,7,0,0,2,12,0,1,0,0,0,1,1,2,9,2,4,6,7,0
rome_target_species_from_tb_in_tc_o,Check if all the target species in tb are in tc,ITA,17,0,0,0,0,0,0,0,0,28,27,33,21,13,22,10,14,16,15,0
rome_target_species_from_tb_in_tc_o,Check if all the target species in tb are in tc,ITA,18,42,0,1,18,58,3,0,0,13,81,27,0,2,13,24,0,0,0,0
rome_target_species_from_tb_in_tc_o,Check if all the target species in tb are in tc,ITA,19,0,0,4,0,2,2,3,9,6,9,10,6,10,6,5,5,3,4,0
rome_target_species_from_tb_in_tc_o,Check if all the target species in tb are in tc,ITA,9,85,1,1,4,56,12,20,8,42,30,23,17,24,15,7,8,8,13,0
rome_target_species_from_tb_in_tc_o,Check if all the target species in tb are in tc,MLT,15,0,0,0,0,0,0,0,0,4,2,4,1,2,5,5,7,4,4,12
rome_target_species_from_tb_in_tc_o,Check if all the target species in tb are in tc,SVN,17,0,0,0,1,0,1,0,0,0,0,0,1,0,2,1,1,1,0,0
rome_species_from_tc_in_tb_o,Check if all the species in tc are in tb,CYP,25,0,0,0,0,0,0,0,0,0,0,0,0,3,1,4,0,0,0,0
rome_species_from_tc_in_tb_o,Check if all the species in tc are in tb,ESP,1,0,1,0,1,0,0,0,0,1,0,7,0,5,0,0,0,0,0,0
rome_species_from_tc_in_tb_o,Check if all the species in tc are in tb,ESP,5,0,1,0,0,0,0,0,0,1,0,2,0,0,0,0,0,0,0,0
rome_species_from_tc_in_tb_o,Check if all the species in tc are in tb,ESP,6,0,0,1,1,0,0,0,0,3,2,15,0,17,0,0,0,0,0,0
rome_species_from_tc_in_tb_o,Check if all the species in tc are in tb,ITA,16,0,0,0,0,0,1,0,0,0,0,0,0,0,0,0,0,0,4,0
rome_species_from_tc_in_tb_o,Check if all the species in tc are in tb,ITA,9,0,0,0,0,0,0,0,0,0,0,1,0,0,0,0,0,0,10,0
rome_species_from_tc_in_tb_o,Check if all the species in tc are in tb,MLT,15,0,0,0,0,0,0,0,0,0,0,0,0,0,0,0,0,0,0,2
rome_tot_num_num_per_sex_tb_o,Check if in TB  NB_TOTAL equals NB_F+NB_M+NB_I,CYP,25,0,0,0,0,0,0,0,0,0,0,0,1,0,0,0,0,0,0,0
rome_tot_num_num_per_sex_tb_o,Check if in TB  NB_TOTAL equals NB_F+NB_M+NB_I,ESP,1,0,0,0,0,0,0,0,0,3,1,0,0,0,0,0,0,0,0,0
rome_tot_num_num_per_sex_tb_o,Check if in TB  NB_TOTAL equals NB_F+NB_M+NB_I,ESP,6,0,0,0,0,0,0,0,0,1,0,2,0,0,0,0,0,0,0,0
rome_tot_num_num_per_sex_tb_o,Check if in TB  NB_TOTAL equals NB_F+NB_M+NB_I,FRA,7,0,1,1,0,0,0,0,0,0,0,0,0,0,48,1,0,0,0,2
rome_tot_num_num_per_sex_tb_o,Check if in TB  NB_TOTAL equals NB_F+NB_M+NB_I,FRA,8,0,2,1,0,0,2,0,0,0,0,0,0,0,14,0,0,0,0,1
rome_tot_num_num_per_sex_tb_o,Check if in TB  NB_TOTAL equals NB_F+NB_M+NB_I,ITA,11,0,0,1,0,0,0,0,0,0,0,0,0,0,0,0,0,0,0,0
rome_tot_num_num_per_sex_tb_o,Check if in TB  NB_TOTAL equals NB_F+NB_M+NB_I,ITA,16,0,0,0,0,0,0,0,0,0,65,65,108,114,120,120,120,120,120,0
rome_tot_num_num_per_sex_tb_o,Check if in TB  NB_TOTAL equals NB_F+NB_M+NB_I,ITA,17,0,0,0,0,0,0,0,0,181,181,181,182,180,190,182,183,182,185,0
rome_tot_num_num_per_sex_tb_o,Check if in TB  NB_TOTAL equals NB_F+NB_M+NB_I,ITA,18,1,0,0,0,0,1,0,0,0,0,0,1,0,0,0,0,0,0,0
rome_tot_num_num_per_sex_tb_o,Check if in TB  NB_TOTAL equals NB_F+NB_M+NB_I,ITA,19,0,0,71,69,73,71,74,74,69,70,70,70,70,70,70,70,70,70,0
rome_tot_num_num_per_sex_tb_o,Check if in TB  NB_TOTAL equals NB_F+NB_M+NB_I,ITA,9,34,6,1,0,0,0,88,0,0,0,2,0,0,0,0,0,0,0,0
rome_tot_num_num_per_sex_tb_o,Check if in TB  NB_TOTAL equals NB_F+NB_M+NB_I,MLT,15,0,0,0,0,0,0,0,0,45,45,44,45,45,46,45,45,45,44,44
rome_tot_num_num_per_sex_tb_o,Check if in TB  NB_TOTAL equals NB_F+NB_M+NB_I,SVN,17,0,0,2,2,2,2,2,2,2,2,0,2,0,4,2,2,2,2,0
rome_num_sex_raising_tb3_o,Check if in case of sub-sampling in TC the number per sex in TB is raised correctly,CYP,25,0,0,0,0,0,0,0,0,0,0,0,3,0,1,0,1,0,0,0
rome_num_sex_raising_tb3_o,Check if in case of sub-sampling in TC the number per sex in TB is raised correctly,ESP,1,1,0,3,1,0,0,0,0,16,2,1,1,4,45,42,39,3,14,0
rome_num_sex_raising_tb3_o,Check if in case of sub-sampling in TC the number per sex in TB is raised correctly,ESP,2,0,0,0,0,0,0,0,0,0,0,0,0,0,0,0,0,0,3,0
rome_num_sex_raising_tb3_o,Check if in case of sub-sampling in TC the number per sex in TB is raised correctly,ESP,5,0,0,0,0,0,0,0,0,2,0,0,0,0,55,55,53,25,23,0
rome_num_sex_raising_tb3_o,Check if in case of sub-sampling in TC the number per sex in TB is raised correctly,ESP,6,0,0,0,0,0,1,3,0,24,9,1,4,9,64,76,75,25,25,0
rome_num_sex_raising_tb3_o,Check if in case of sub-sampling in TC the number per sex in TB is raised correctly,FRA,7,3,0,0,0,0,2,0,0,0,1,0,0,0,2,1,1,40,3,10
rome_num_sex_raising_tb3_o,Check if in case of sub-sampling in TC the number per sex in TB is raised correctly,FRA,8,0,0,1,0,0,4,0,0,0,0,0,0,1,0,2,0,4,1,1
rome_num_sex_raising_tb3_o,Check if in case of sub-sampling in TC the number per sex in TB is raised correctly,ITA,11,3,0,3,1,3,8,7,2,1,7,6,15,6,5,4,1,2,0,0
rome_num_sex_raising_tb3_o,Check if in case of sub-sampling in TC the number per sex in TB is raised correctly,ITA,16,0,0,0,0,0,1,0,0,0,0,0,0,0,0,0,0,0,0,0
rome_num_sex_raising_tb3_o,Check if in case of sub-sampling in TC the number per sex in TB is raised correctly,ITA,17,0,0,0,0,0,0,0,0,0,1,0,0,0,0,0,1,0,0,0
rome_num_sex_raising_tb3_o,Check if in case of sub-sampling in TC the number per sex in TB is raised correctly,ITA,9,10,46,5,1,0,7,18,4,3,1,1,2,4,1,3,2,0,2,0
rome_num_sex_raising_tb3_o,Check if in case of sub-sampling in TC the number per sex in TB is raised correctly,MLT,15,0,0,0,0,0,0,0,0,0,0,0,0,0,0,0,1,0,0,43
rome_num_sex_raising_tb3_o,Check if in case of sub-sampling in TC the number per sex in TB is raised correctly,SVN,17,0,0,0,0,0,0,0,0,2,0,0,0,0,0,0,0,0,1,0
small_raising_perc_o,Small raising percentages,CYP,25,0,0,0,0,0,0,0,0,0,0,0,5,14,15,11,15,13,14,14
small_raising_perc_o,Small raising percentages,ESP,1,2,2,1,6,3,1,5,6,11,10,9,7,16,7,3,4,3,1,0
small_raising_perc_o,Small raising percentages,ESP,2,0,0,0,0,0,0,0,0,0,0,0,0,0,0,0,0,0,2,0
small_raising_perc_o,Small raising percentages,ESP,5,0,0,0,0,0,0,0,4,1,0,1,0,1,11,9,7,12,7,0
small_raising_perc_o,Small raising percentages,ESP,6,2,6,4,8,2,11,15,8,14,6,19,26,23,5,8,9,11,11,0
small_raising_perc_o,Small raising percentages,FRA,7,21,19,2,3,21,37,39,39,35,25,47,49,45,37,31,28,31,34,13
small_raising_perc_o,Small raising percentages,FRA,8,5,4,17,0,3,8,6,11,0,13,17,13,12,10,16,15,15,16,11
small_raising_perc_o,Small raising percentages,ITA,11,19,13,18,12,13,47,26,42,15,28,26,27,21,23,20,16,21,12,0
small_raising_perc_o,Small raising percentages,ITA,16,7,5,2,0,2,5,3,1,0,0,1,6,12,1,7,7,17,3,0
small_raising_perc_o,Small raising percentages,ITA,17,0,0,0,0,0,0,0,0,7,9,16,5,7,2,5,4,4,0,0
small_raising_perc_o,Small raising percentages,ITA,18,1,0,0,0,0,0,0,0,0,0,0,0,0,0,0,0,1,0,0
small_raising_perc_o,Small raising percentages,ITA,9,1,4,1,0,0,0,0,0,0,0,0,3,1,1,6,4,4,0,0
small_raising_perc_o,Small raising percentages,MLT,15,0,0,0,0,0,0,0,0,1,1,0,9,8,5,9,15,10,12,7
