check_name,comment,country,area,1994,1995,1996,1997,1998,1999,2000,2001,2002,2003,2004,2005,2006,2007,2008,2009,2010,2011,2012,2013,2014
check_zero_vert_open_valid_ta_o,Check in case of valid records if vertical_opening is zero,ESP,1,0,0,0,0,0,0,0,0,0,0,0,0,0,5,0,0,0,0,0,0,0
rome_bridles_len_mean_depth_ta_o,Check if the value of bridles length is consistent according to the mean depth,CYP,25,0,0,0,0,0,0,0,0,0,0,0,0,14,18,27,27,27,26,26,4,0
rome_bridles_len_mean_depth_ta_o,Check if the value of bridles length is consistent according to the mean depth,ESP,1,8,9,12,10,12,12,12,13,13,15,13,11,19,13,9,9,6,7,7,10,13
rome_bridles_len_mean_depth_ta_o,Check if the value of bridles length is consistent according to the mean depth,ESP,2,0,0,0,0,0,0,0,0,0,0,0,0,0,0,0,0,0,4,4,4,4
rome_bridles_len_mean_depth_ta_o,Check if the value of bridles length is consistent according to the mean depth,ESP,5,0,2,2,1,2,2,0,2,2,0,2,2,0,14,45,11,8,10,8,7,13
rome_bridles_len_mean_depth_ta_o,Check if the value of bridles length is consistent according to the mean depth,ESP,6,7,11,11,8,4,10,7,8,7,11,11,8,12,9,8,9,7,7,8,8,9
rome_bridles_len_mean_depth_ta_o,Check if the value of bridles length is consistent according to the mean depth,FRA,7,2,4,0,5,4,4,5,4,2,4,4,4,3,4,1,4,5,5,5,4,6
rome_bridles_len_mean_depth_ta_o,Check if the value of bridles length is consistent according to the mean depth,FRA,8,0,5,4,4,4,5,4,5,0,4,5,5,4,5,4,3,4,4,3,3,3
rome_bridles_len_mean_depth_ta_o,Check if the value of bridles length is consistent according to the mean depth,GRC,20,5,5,4,3,5,5,5,4,0,5,3,5,4,0,6,0,0,0,0,0,6
rome_bridles_len_mean_depth_ta_o,Check if the value of bridles length is consistent according to the mean depth,GRC,22,46,47,21,18,20,19,18,17,0,17,67,67,67,0,67,0,0,0,0,7,17
rome_bridles_len_mean_depth_ta_o,Check if the value of bridles length is consistent according to the mean depth,ITA,10,28,0,1,1,0,1,0,0,0,0,0,0,0,1,2,1,0,23,0,23,23
rome_bridles_len_mean_depth_ta_o,Check if the value of bridles length is consistent according to the mean depth,ITA,11,23,0,0,0,0,0,0,0,0,0,0,14,0,0,0,0,0,0,0,0,0
rome_bridles_len_mean_depth_ta_o,Check if the value of bridles length is consistent according to the mean depth,ITA,16,10,14,14,13,14,14,14,14,20,20,19,32,33,38,38,38,38,38,39,38,0
rome_bridles_len_mean_depth_ta_o,Check if the value of bridles length is consistent according to the mean depth,ITA,17,0,0,0,0,0,0,0,0,1,136,179,33,1,59,0,1,73,0,1,0,0
rome_bridles_len_mean_depth_ta_o,Check if the value of bridles length is consistent according to the mean depth,ITA,18,10,10,19,19,19,18,19,19,14,14,13,14,14,14,11,14,14,14,0,14,14
rome_bridles_len_mean_depth_ta_o,Check if the value of bridles length is consistent according to the mean depth,ITA,9,33,0,0,0,0,0,0,0,0,0,0,0,0,0,0,0,0,0,0,19,21
rome_bridles_len_mean_depth_ta_o,Check if the value of bridles length is consistent according to the mean depth,MLT,15,0,0,0,0,0,0,0,0,0,0,0,17,16,17,17,15,15,16,14,15,7
rome_check_haul_coord_distance_ta_o,Check consistency of the hauls coordinates with the distance (adjusted to 100% difference),ESP,1,1,0,0,0,0,0,0,0,0,0,0,0,0,1,1,2,1,0,0,0,0
rome_check_haul_coord_distance_ta_o,Check consistency of the hauls coordinates with the distance (adjusted to 100% difference),ESP,5,0,0,0,0,0,0,0,0,0,0,0,0,0,0,0,0,0,0,1,0,0
rome_check_haul_coord_distance_ta_o,Check consistency of the hauls coordinates with the distance (adjusted to 100% difference),ESP,6,0,0,1,0,0,0,0,0,0,0,0,0,0,3,1,5,1,1,2,0,1
rome_check_haul_coord_distance_ta_o,Check consistency of the hauls coordinates with the distance (adjusted to 100% difference),FRA,7,0,0,1,0,0,0,0,0,0,0,0,0,0,0,0,0,0,0,0,0,0
rome_check_haul_coord_distance_ta_o,Check consistency of the hauls coordinates with the distance (adjusted to 100% difference),GRC,20,0,0,0,0,0,0,0,0,0,0,0,0,0,0,0,0,0,0,0,0,36
rome_check_haul_coord_distance_ta_o,Check consistency of the hauls coordinates with the distance (adjusted to 100% difference),GRC,22,0,1,1,1,3,0,1,2,0,1,0,0,0,0,0,0,0,0,0,0,66
rome_check_haul_coord_distance_ta_o,Check consistency of the hauls coordinates with the distance (adjusted to 100% difference),GRC,23,0,0,0,0,0,0,0,0,0,0,0,0,0,0,0,0,0,0,0,0,1
rome_check_haul_coord_distance_ta_o,Check consistency of the hauls coordinates with the distance (adjusted to 100% difference),HRV,17,0,0,0,0,0,0,0,0,0,0,0,0,0,0,0,0,0,0,0,5,3
rome_check_haul_coord_distance_ta_o,Check consistency of the hauls coordinates with the distance (adjusted to 100% difference),ITA,10,0,1,0,0,0,0,0,0,0,0,0,0,0,0,0,0,0,0,0,0,0
rome_check_haul_coord_distance_ta_o,Check consistency of the hauls coordinates with the distance (adjusted to 100% difference),ITA,11,0,0,2,0,2,0,2,0,0,0,1,1,1,0,1,0,0,0,0,0,0
rome_check_haul_coord_distance_ta_o,Check consistency of the hauls coordinates with the distance (adjusted to 100% difference),ITA,17,0,0,0,0,0,0,0,0,0,0,0,0,0,0,2,0,0,0,0,0,0
rome_check_haul_coord_distance_ta_o,Check consistency of the hauls coordinates with the distance (adjusted to 100% difference),ITA,18,2,0,0,0,0,0,1,0,0,0,0,0,0,0,0,0,0,0,0,0,0
rome_check_haul_coord_distance_ta_o,Check consistency of the hauls coordinates with the distance (adjusted to 100% difference),ITA,9,0,0,0,0,0,0,0,1,2,2,0,2,0,1,1,2,2,0,0,3,0
rome_check_haul_coord_distance_ta_o,Check consistency of the hauls coordinates with the distance (adjusted to 100% difference),SVN,17,0,0,0,0,0,0,0,0,2,2,1,0,0,0,0,0,0,0,0,0,0
rome_consistency_wght_frac_tc_tot_wght_tb_o,Check consistency between WEIGHT_OF_THE_FRACTION in TC and TOTAL_WEIGHT_IN_HAUL in TB,CYP,25,0,0,0,0,0,0,0,0,0,0,0,0,0,0,1,0,0,0,0,1,0
rome_consistency_wght_frac_tc_tot_wght_tb_o,Check consistency between WEIGHT_OF_THE_FRACTION in TC and TOTAL_WEIGHT_IN_HAUL in TB,ESP,1,0,0,2,0,0,0,0,0,4,1,0,0,13,0,0,0,0,0,0,0,2
rome_consistency_wght_frac_tc_tot_wght_tb_o,Check consistency between WEIGHT_OF_THE_FRACTION in TC and TOTAL_WEIGHT_IN_HAUL in TB,ESP,5,0,0,0,0,0,0,0,0,0,0,0,0,3,0,0,0,2,0,0,0,0
rome_consistency_wght_frac_tc_tot_wght_tb_o,Check consistency between WEIGHT_OF_THE_FRACTION in TC and TOTAL_WEIGHT_IN_HAUL in TB,ESP,6,1,0,2,1,0,0,0,1,8,3,0,2,28,0,0,0,1,1,0,1,0
rome_consistency_wght_frac_tc_tot_wght_tb_o,Check consistency between WEIGHT_OF_THE_FRACTION in TC and TOTAL_WEIGHT_IN_HAUL in TB,FRA,7,6,1,3,0,2,1,0,0,0,1,1,0,0,0,0,0,1,0,12,7,2
rome_consistency_wght_frac_tc_tot_wght_tb_o,Check consistency between WEIGHT_OF_THE_FRACTION in TC and TOTAL_WEIGHT_IN_HAUL in TB,FRA,8,0,0,0,0,0,0,1,1,0,0,0,0,1,0,0,0,1,0,4,5,1
rome_consistency_wght_frac_tc_tot_wght_tb_o,Check consistency between WEIGHT_OF_THE_FRACTION in TC and TOTAL_WEIGHT_IN_HAUL in TB,GRC,20,1,0,0,0,0,0,0,0,0,0,0,1,0,0,0,0,0,0,0,0,1
rome_consistency_wght_frac_tc_tot_wght_tb_o,Check consistency between WEIGHT_OF_THE_FRACTION in TC and TOTAL_WEIGHT_IN_HAUL in TB,GRC,22,0,0,56,57,56,57,52,51,0,55,54,54,57,0,59,0,0,0,0,6,60
rome_consistency_wght_frac_tc_tot_wght_tb_o,Check consistency between WEIGHT_OF_THE_FRACTION in TC and TOTAL_WEIGHT_IN_HAUL in TB,HRV,17,0,0,0,0,0,0,0,0,0,0,0,0,0,0,0,0,0,0,0,0,1
rome_consistency_wght_frac_tc_tot_wght_tb_o,Check consistency between WEIGHT_OF_THE_FRACTION in TC and TOTAL_WEIGHT_IN_HAUL in TB,ITA,10,34,33,21,25,22,27,32,29,22,32,18,12,13,18,20,34,12,12,21,8,0
rome_consistency_wght_frac_tc_tot_wght_tb_o,Check consistency between WEIGHT_OF_THE_FRACTION in TC and TOTAL_WEIGHT_IN_HAUL in TB,ITA,11,1,6,3,4,9,1,1,6,0,1,4,3,4,6,4,4,1,2,5,4,0
rome_consistency_wght_frac_tc_tot_wght_tb_o,Check consistency between WEIGHT_OF_THE_FRACTION in TC and TOTAL_WEIGHT_IN_HAUL in TB,ITA,16,0,0,0,0,0,0,0,0,0,0,5,11,8,5,7,6,5,5,5,6,7
rome_consistency_wght_frac_tc_tot_wght_tb_o,Check consistency between WEIGHT_OF_THE_FRACTION in TC and TOTAL_WEIGHT_IN_HAUL in TB,ITA,18,25,5,26,25,22,51,41,46,56,54,45,41,26,42,49,34,33,17,12,8,0
rome_consistency_wght_frac_tc_tot_wght_tb_o,Check consistency between WEIGHT_OF_THE_FRACTION in TC and TOTAL_WEIGHT_IN_HAUL in TB,ITA,19,0,1,0,0,0,0,0,1,0,1,0,0,0,1,0,0,0,2,0,2,0
rome_consistency_wght_frac_tc_tot_wght_tb_o,Check consistency between WEIGHT_OF_THE_FRACTION in TC and TOTAL_WEIGHT_IN_HAUL in TB,ITA,9,0,0,0,0,0,0,0,0,0,0,0,0,1,7,5,6,4,0,0,0,0
rome_consistency_wght_frac_tc_tot_wght_tb_o,Check consistency between WEIGHT_OF_THE_FRACTION in TC and TOTAL_WEIGHT_IN_HAUL in TB,MLT,15,0,0,0,0,0,0,0,0,0,0,0,0,0,0,0,0,0,0,1,7,0
rome_consistency_zero_weight_tot_number_tb_o,Check consistency between not null weight and not null total number,ESP,1,0,0,0,0,0,0,0,0,0,0,0,0,0,0,0,0,0,0,31,39,4
rome_consistency_zero_weight_tot_number_tb_o,Check consistency between not null weight and not null total number,ESP,2,0,0,0,0,0,0,0,0,0,0,0,0,0,0,0,0,0,0,7,7,0
rome_consistency_zero_weight_tot_number_tb_o,Check consistency between not null weight and not null total number,ESP,5,0,0,0,0,0,0,0,0,0,0,0,0,0,0,0,0,0,2,50,54,27
rome_consistency_zero_weight_tot_number_tb_o,Check consistency between not null weight and not null total number,ESP,6,0,0,0,0,0,0,0,0,0,0,0,0,0,0,0,0,0,1,88,97,3
rome_consistency_zero_weight_tot_number_tb_o,Check consistency between not null weight and not null total number,FRA,7,0,0,0,0,0,0,0,0,0,0,0,0,0,0,0,0,0,0,44,57,40
rome_consistency_zero_weight_tot_number_tb_o,Check consistency between not null weight and not null total number,FRA,8,0,0,0,0,0,0,0,0,0,0,0,0,0,0,0,0,0,0,8,2,11
rome_consistency_zero_weight_tot_number_tb_o,Check consistency between not null weight and not null total number,GRC,20,1,0,2,0,0,0,0,0,0,0,0,0,0,0,0,0,0,0,0,0,0
rome_consistency_zero_weight_tot_number_tb_o,Check consistency between not null weight and not null total number,GRC,22,5,5,1,0,1,1,0,0,0,4,7,6,0,0,0,0,0,0,0,0,3
rome_consistency_zero_weight_tot_number_tb_o,Check consistency between not null weight and not null total number,ITA,10,0,0,0,0,0,0,0,0,0,0,0,0,0,0,0,0,0,0,0,38,27
rome_consistency_zero_weight_tot_number_tb_o,Check consistency between not null weight and not null total number,ITA,11,0,0,0,0,0,0,0,0,7,5,3,1,0,0,0,0,0,0,29,74,50
rome_consistency_zero_weight_tot_number_tb_o,Check consistency between not null weight and not null total number,ITA,16,0,0,0,0,0,0,0,0,0,0,0,0,0,0,24,40,89,66,0,0,0
rome_consistency_zero_weight_tot_number_tb_o,Check consistency between not null weight and not null total number,ITA,17,0,0,0,0,0,0,0,0,0,0,0,0,0,0,0,0,0,2,0,0,0
rome_consistency_zero_weight_tot_number_tb_o,Check consistency between not null weight and not null total number,ITA,18,0,0,0,0,0,0,0,0,0,0,0,0,0,0,0,0,0,1,1,56,49
rome_consistency_zero_weight_tot_number_tb_o,Check consistency between not null weight and not null total number,ITA,19,0,0,0,0,0,0,0,0,0,0,1,0,0,0,0,0,0,0,37,14,0
rome_consistency_zero_weight_tot_number_tb_o,Check consistency between not null weight and not null total number,ITA,9,0,0,0,0,0,0,0,0,0,0,0,0,0,0,0,0,0,0,0,1,2
rome_diff_start_depth_hauling_depth_ta_o,Check if that difference between start depth and end depth is not greater than 20%,CYP,25,0,0,0,0,0,0,0,0,0,0,0,0,0,0,2,0,0,0,0,0,0
rome_diff_start_depth_hauling_depth_ta_o,Check if that difference between start depth and end depth is not greater than 20%,ESP,1,0,0,0,0,0,0,0,0,2,0,0,0,0,0,0,0,0,0,0,1,1
rome_diff_start_depth_hauling_depth_ta_o,Check if that difference between start depth and end depth is not greater than 20%,ESP,5,0,0,0,0,0,0,0,0,0,0,0,0,0,0,0,0,1,0,1,0,0
rome_diff_start_depth_hauling_depth_ta_o,Check if that difference between start depth and end depth is not greater than 20%,ESP,6,0,0,0,0,0,0,0,0,1,0,0,0,0,0,0,0,0,0,0,1,0
rome_diff_start_depth_hauling_depth_ta_o,Check if that difference between start depth and end depth is not greater than 20%,FRA,7,0,0,0,0,0,0,1,0,0,0,0,0,0,0,0,0,0,0,0,0,0
rome_diff_start_depth_hauling_depth_ta_o,Check if that difference between start depth and end depth is not greater than 20%,FRA,8,0,1,1,1,0,0,0,0,0,0,0,2,0,1,0,0,0,0,0,1,1
rome_diff_start_depth_hauling_depth_ta_o,Check if that difference between start depth and end depth is not greater than 20%,GRC,20,0,0,1,1,5,1,6,3,0,1,2,2,1,0,3,0,0,0,0,0,1
rome_diff_start_depth_hauling_depth_ta_o,Check if that difference between start depth and end depth is not greater than 20%,GRC,22,4,6,1,2,4,3,4,4,0,2,4,4,1,0,4,0,0,0,0,1,3
rome_diff_start_depth_hauling_depth_ta_o,Check if that difference between start depth and end depth is not greater than 20%,HRV,17,0,0,0,0,0,0,0,0,0,0,0,0,0,0,0,0,0,0,0,1,1
rome_diff_start_depth_hauling_depth_ta_o,Check if that difference between start depth and end depth is not greater than 20%,ITA,10,5,3,7,4,8,6,5,5,1,2,1,3,0,0,0,1,0,1,2,2,0
rome_diff_start_depth_hauling_depth_ta_o,Check if that difference between start depth and end depth is not greater than 20%,ITA,11,0,4,2,0,0,0,0,0,2,0,2,0,2,3,3,4,1,5,2,2,2
rome_diff_start_depth_hauling_depth_ta_o,Check if that difference between start depth and end depth is not greater than 20%,ITA,16,2,1,1,0,1,1,2,2,2,3,2,2,3,3,7,7,10,10,4,4,0
rome_diff_start_depth_hauling_depth_ta_o,Check if that difference between start depth and end depth is not greater than 20%,ITA,17,0,0,0,0,0,0,0,0,2,1,1,2,5,2,1,1,3,2,2,1,2
rome_diff_start_depth_hauling_depth_ta_o,Check if that difference between start depth and end depth is not greater than 20%,ITA,18,0,0,1,1,0,0,3,4,2,3,2,0,1,1,1,2,0,1,0,2,0
rome_diff_start_depth_hauling_depth_ta_o,Check if that difference between start depth and end depth is not greater than 20%,ITA,19,1,0,0,0,0,0,1,0,0,0,0,0,0,0,0,0,0,1,1,0,0
rome_diff_start_depth_hauling_depth_ta_o,Check if that difference between start depth and end depth is not greater than 20%,ITA,9,0,0,0,0,0,0,0,0,0,0,0,1,0,0,0,0,0,1,0,2,1
rome_diff_start_depth_hauling_depth_ta_o,Check if that difference between start depth and end depth is not greater than 20%,MLT,15,0,0,0,0,0,0,0,0,0,0,0,2,1,0,2,3,1,2,4,2,1
rome_duration_consistency_ta_o,Check consistency among duration start time and end time of the haul in TA,GRC,22,0,0,0,0,0,0,0,0,0,0,0,10,0,0,0,0,0,0,0,0,0
rome_duration_consistency_ta_o,Check consistency among duration start time and end time of the haul in TA,ITA,11,0,0,0,0,0,0,0,0,0,1,0,97,1,0,0,0,0,0,0,0,0
rome_duration_consistency_ta_o,Check consistency among duration start time and end time of the haul in TA,SVN,17,0,0,0,0,0,0,0,0,0,0,0,0,0,1,0,1,0,0,0,0,1
rome_duration_distance_consistency_ta_o,Check between duration of the haul and distance (tolerance of 15%),CYP,25,0,0,0,0,0,0,0,0,0,0,0,1,1,0,0,1,0,2,0,0,0
rome_duration_distance_consistency_ta_o,Check between duration of the haul and distance (tolerance of 15%),ESP,1,5,0,2,6,10,6,7,7,2,7,0,0,1,0,0,3,1,0,1,0,2
rome_duration_distance_consistency_ta_o,Check between duration of the haul and distance (tolerance of 15%),ESP,2,0,0,0,0,0,0,0,0,0,0,0,0,0,0,0,0,0,0,0,0,1
rome_duration_distance_consistency_ta_o,Check between duration of the haul and distance (tolerance of 15%),ESP,5,0,0,1,2,2,1,0,1,0,0,0,0,0,0,1,2,1,1,1,0,0
rome_duration_distance_consistency_ta_o,Check between duration of the haul and distance (tolerance of 15%),ESP,6,15,3,0,6,19,7,8,4,4,3,2,0,1,1,0,1,1,2,5,1,2
rome_duration_distance_consistency_ta_o,Check between duration of the haul and distance (tolerance of 15%),FRA,7,7,0,2,10,4,0,0,1,2,0,1,1,0,0,2,0,0,1,0,0,0
rome_duration_distance_consistency_ta_o,Check between duration of the haul and distance (tolerance of 15%),FRA,8,2,2,0,2,0,2,2,1,0,0,0,0,1,0,0,1,1,0,0,0,0
rome_duration_distance_consistency_ta_o,Check between duration of the haul and distance (tolerance of 15%),GRC,20,4,3,1,9,5,6,11,15,0,2,3,2,7,0,7,0,0,0,0,0,36
rome_duration_distance_consistency_ta_o,Check between duration of the haul and distance (tolerance of 15%),GRC,22,29,52,54,69,15,10,20,11,0,5,11,11,5,0,6,0,0,0,0,3,67
rome_duration_distance_consistency_ta_o,Check between duration of the haul and distance (tolerance of 15%),HRV,17,0,0,0,0,0,0,0,0,0,0,0,0,0,0,0,0,0,0,0,0,1
rome_duration_distance_consistency_ta_o,Check between duration of the haul and distance (tolerance of 15%),ITA,10,17,0,1,0,0,1,0,1,1,3,3,0,0,0,1,2,3,1,0,2,0
rome_duration_distance_consistency_ta_o,Check between duration of the haul and distance (tolerance of 15%),ITA,11,21,36,41,4,46,39,1,6,1,1,13,62,53,40,59,57,51,46,49,0,9
rome_duration_distance_consistency_ta_o,Check between duration of the haul and distance (tolerance of 15%),ITA,16,7,1,0,0,3,0,0,0,0,1,0,0,0,0,0,0,0,0,0,0,0
rome_duration_distance_consistency_ta_o,Check between duration of the haul and distance (tolerance of 15%),ITA,17,0,0,0,0,0,0,0,0,12,6,3,13,25,29,1,1,0,0,0,0,0
rome_duration_distance_consistency_ta_o,Check between duration of the haul and distance (tolerance of 15%),ITA,18,2,1,0,0,2,0,0,0,1,2,0,0,1,1,2,1,2,1,0,1,0
rome_duration_distance_consistency_ta_o,Check between duration of the haul and distance (tolerance of 15%),ITA,19,0,0,0,1,0,0,0,0,0,0,0,0,0,0,0,0,0,0,0,0,0
rome_duration_distance_consistency_ta_o,Check between duration of the haul and distance (tolerance of 15%),ITA,9,54,42,19,22,18,50,7,5,1,0,22,2,2,2,0,1,3,0,1,0,0
rome_duration_distance_consistency_ta_o,Check between duration of the haul and distance (tolerance of 15%),MLT,15,0,0,0,0,0,0,0,0,0,0,0,0,0,2,1,2,1,0,9,0,18
rome_duration_distance_consistency_ta_o,Check between duration of the haul and distance (tolerance of 15%),SVN,17,0,0,0,0,1,1,0,0,0,0,0,0,0,1,0,0,0,0,0,0,0
rome_hauls_from_ta_in_tb_o,Check if all the hauls in TA are in TB,ESP,1,1,0,0,0,0,0,0,0,0,0,0,0,0,0,0,0,0,0,0,0,0
rome_hauls_from_ta_in_tb_o,Check if all the hauls in TA are in TB,ESP,5,0,0,0,0,0,0,0,0,0,0,0,0,0,0,0,0,0,0,2,0,0
rome_hauls_from_ta_in_tb_o,Check if all the hauls in TA are in TB,ESP,6,3,0,0,0,0,0,0,0,0,0,0,0,0,0,1,0,0,0,0,0,0
rome_hauls_from_ta_in_tb_o,Check if all the hauls in TA are in TB,GRC,20,2,0,0,0,0,0,0,0,0,0,0,0,0,0,0,0,0,0,0,0,0
rome_hauls_from_ta_in_tb_o,Check if all the hauls in TA are in TB,GRC,22,2,0,0,0,0,0,0,0,0,0,0,0,0,0,0,0,0,0,0,0,0
rome_hauls_from_ta_in_tb_o,Check if all the hauls in TA are in TB,GRC,23,0,0,0,0,0,0,0,0,0,0,0,0,0,0,0,0,0,0,0,0,20
rome_hauls_from_ta_in_tc_o,Check if all the hauls in TA are in TC,ESP,1,2,0,0,0,0,0,0,0,0,0,0,0,0,0,0,0,0,0,0,0,0
rome_hauls_from_ta_in_tc_o,Check if all the hauls in TA are in TC,ESP,5,0,0,0,0,0,0,0,0,0,0,0,0,0,0,0,1,0,0,2,0,0
rome_hauls_from_ta_in_tc_o,Check if all the hauls in TA are in TC,ESP,6,3,0,0,0,0,0,0,0,0,0,0,0,0,0,0,0,0,0,0,0,0
rome_hauls_from_ta_in_tc_o,Check if all the hauls in TA are in TC,FRA,7,0,0,0,1,0,0,0,0,0,0,0,0,0,0,0,0,0,0,0,0,0
rome_hauls_from_ta_in_tc_o,Check if all the hauls in TA are in TC,FRA,8,0,0,0,0,0,0,0,0,0,0,0,0,0,1,0,0,0,0,0,0,0
rome_hauls_from_ta_in_tc_o,Check if all the hauls in TA are in TC,GRC,20,2,0,0,0,0,0,0,0,0,0,0,0,0,0,0,0,0,0,0,0,0
rome_hauls_from_ta_in_tc_o,Check if all the hauls in TA are in TC,GRC,22,4,0,0,0,0,0,0,0,0,0,0,0,0,0,0,0,0,0,0,0,0
rome_hauls_from_ta_in_tc_o,Check if all the hauls in TA are in TC,GRC,23,0,0,0,0,0,0,0,0,0,0,0,0,0,0,0,0,0,0,0,0,7
rome_hauls_from_ta_in_tc_o,Check if all the hauls in TA are in TC,HRV,17,0,0,0,0,0,0,0,0,0,0,0,0,0,0,0,0,0,0,0,0,1
rome_hauls_from_ta_in_tc_o,Check if all the hauls in TA are in TC,ITA,10,0,0,0,0,0,0,1,1,1,0,0,0,0,0,0,0,0,0,0,0,0
rome_hauls_from_ta_in_tc_o,Check if all the hauls in TA are in TC,ITA,16,0,0,1,0,0,0,0,0,0,0,0,0,0,0,0,0,0,0,0,0,0
rome_hauls_from_ta_in_tc_o,Check if all the hauls in TA are in TC,ITA,17,0,0,0,0,0,0,0,0,0,0,0,0,0,0,0,0,0,0,1,0,0
rome_hauls_from_ta_in_tc_o,Check if all the hauls in TA are in TC,ITA,18,1,1,0,0,0,0,0,0,0,0,0,0,0,1,0,0,0,0,0,0,0
rome_hauls_from_ta_in_tc_o,Check if all the hauls in TA are in TC,ITA,19,5,3,0,0,0,0,0,0,0,1,1,0,0,0,0,0,0,0,0,0,0
rome_hauls_from_ta_in_tc_o,Check if all the hauls in TA are in TC,ITA,9,2,0,0,0,0,0,0,0,1,0,0,0,0,0,0,0,0,0,0,0,0
rome_hauls_from_ta_in_tc_o,Check if all the hauls in TA are in TC,MLT,15,0,0,0,0,0,0,0,0,0,0,0,45,45,45,45,45,45,0,1,0,0
rome_hauls_from_tb_in_ta_o,Check if all the hauls in TB are in TA,CYP,25,0,0,0,0,0,0,0,0,0,0,0,20,11,7,0,0,0,0,0,0,0
rome_hauls_from_tb_in_ta_o,Check if all the hauls in TB are in TA,ESP,5,0,0,0,0,0,0,0,0,0,0,0,0,0,0,0,0,0,1,0,1,0
rome_hauls_from_tb_in_ta_o,Check if all the hauls in TB are in TA,FRA,7,0,0,0,0,0,0,0,0,0,0,0,0,0,0,0,0,0,0,1,1,0
rome_hauls_from_tb_in_ta_o,Check if all the hauls in TB are in TA,GRC,20,1,0,0,0,0,0,0,0,0,0,0,0,0,0,0,0,0,0,0,0,0
rome_hauls_from_tb_in_ta_o,Check if all the hauls in TB are in TA,GRC,22,3,0,0,0,0,0,0,0,0,0,0,0,0,0,0,0,0,0,0,0,0
rome_hauls_from_tb_in_ta_o,Check if all the hauls in TB are in TA,ITA,11,0,0,0,0,0,0,0,1,0,0,0,0,0,0,0,0,0,0,0,0,0
rome_hauls_from_tb_in_ta_o,Check if all the hauls in TB are in TA,ITA,16,0,0,0,0,0,0,0,0,0,0,0,0,0,0,0,0,0,0,0,0,55
rome_hauls_from_tb_in_ta_o,Check if all the hauls in TB are in TA,ITA,17,0,0,0,0,0,0,0,0,1,0,0,1,0,0,0,0,0,0,0,0,0
rome_hauls_from_tb_in_ta_o,Check if all the hauls in TB are in TA,MLT,15,0,0,0,0,0,0,0,0,0,0,0,0,0,0,0,0,0,0,0,0,25
rome_hauls_from_tb_in_ta_o,Check if all the hauls in TB are in TA,SVN,17,0,0,1,0,0,0,0,0,0,0,0,0,0,0,0,0,0,0,0,0,0
rome_hauls_from_tb_in_tc_o,Check if all the hauls in TB are in TC,ESP,1,1,0,0,0,0,0,0,0,0,0,0,0,0,0,0,0,0,0,0,0,2
rome_hauls_from_tb_in_tc_o,Check if all the hauls in TB are in TC,ESP,5,0,0,0,0,0,0,0,0,0,0,0,0,0,0,0,1,0,0,0,1,1
rome_hauls_from_tb_in_tc_o,Check if all the hauls in TB are in TC,FRA,7,1,0,0,1,0,0,0,0,0,0,0,0,0,0,0,0,1,0,1,1,0
rome_hauls_from_tb_in_tc_o,Check if all the hauls in TB are in TC,FRA,8,1,0,0,0,0,0,1,0,0,0,1,0,0,1,0,1,1,0,0,0,1
rome_hauls_from_tb_in_tc_o,Check if all the hauls in TB are in TC,GRC,22,2,0,0,0,0,0,0,0,0,0,0,0,0,0,0,0,0,0,0,0,0
rome_hauls_from_tb_in_tc_o,Check if all the hauls in TB are in TC,HRV,17,0,0,0,0,0,0,0,0,0,0,0,0,0,0,0,0,0,0,0,0,1
rome_hauls_from_tb_in_tc_o,Check if all the hauls in TB are in TC,ITA,10,0,0,0,0,0,0,1,1,1,0,0,0,0,0,0,0,0,0,0,0,0
rome_hauls_from_tb_in_tc_o,Check if all the hauls in TB are in TC,ITA,16,0,0,1,0,0,0,0,0,0,0,0,0,0,0,0,0,0,0,0,0,0
rome_hauls_from_tb_in_tc_o,Check if all the hauls in TB are in TC,ITA,17,0,0,0,0,0,0,0,0,1,0,0,0,1,0,0,0,0,0,1,0,0
rome_hauls_from_tb_in_tc_o,Check if all the hauls in TB are in TC,ITA,18,1,1,0,0,0,0,0,0,0,0,0,0,0,1,0,0,0,0,0,0,0
rome_hauls_from_tb_in_tc_o,Check if all the hauls in TB are in TC,ITA,19,5,3,0,0,0,0,0,0,0,1,1,0,0,0,0,0,0,0,0,0,0
rome_hauls_from_tb_in_tc_o,Check if all the hauls in TB are in TC,ITA,9,2,0,0,0,0,0,0,0,1,0,0,0,0,0,0,0,0,0,0,0,0
rome_hauls_from_tb_in_tc_o,Check if all the hauls in TB are in TC,MLT,15,0,0,0,0,0,0,0,0,0,0,0,45,45,46,45,45,45,0,1,0,0
rome_hauls_from_tc_in_ta_o,Check if all the hauls in TC are in TA,CYP,25,0,0,0,0,0,0,0,0,0,0,0,20,11,7,0,0,0,0,0,0,0
rome_hauls_from_tc_in_ta_o,Check if all the hauls in TC are in TA,ESP,5,0,0,0,0,0,0,0,0,0,0,0,0,0,0,0,0,0,1,0,1,0
rome_hauls_from_tc_in_ta_o,Check if all the hauls in TC are in TA,GRC,20,1,0,0,0,0,0,0,0,0,0,0,0,0,0,0,0,0,0,0,0,0
rome_hauls_from_tc_in_ta_o,Check if all the hauls in TC are in TA,GRC,22,3,0,0,0,0,0,0,0,0,0,0,0,0,0,0,0,0,0,0,0,0
rome_hauls_from_tc_in_ta_o,Check if all the hauls in TC are in TA,ITA,11,0,0,0,0,0,0,0,1,0,0,0,0,0,0,0,0,0,0,0,0,0
rome_hauls_from_tc_in_ta_o,Check if all the hauls in TC are in TA,ITA,16,0,0,0,0,0,0,0,0,0,0,0,0,0,0,0,0,0,0,0,0,55
rome_hauls_from_tc_in_ta_o,Check if all the hauls in TC are in TA,ITA,17,0,0,0,0,0,0,0,0,0,0,0,1,0,0,0,0,0,0,0,0,0
rome_hauls_from_tc_in_ta_o,Check if all the hauls in TC are in TA,MLT,15,0,0,0,0,0,0,0,0,0,0,0,0,0,0,0,0,0,0,0,0,25
rome_hauls_from_tc_in_ta_o,Check if all the hauls in TC are in TA,SVN,17,0,0,1,0,0,0,0,0,0,0,0,0,0,0,0,0,0,0,0,0,0
rome_hauls_from_tc_in_tb_o,Check if all the hauls in TC are in TB,ESP,6,0,0,0,0,0,0,0,0,0,0,0,0,0,0,1,0,0,0,0,0,0
rome_hauls_from_tc_in_tb_o,Check if all the hauls in TC are in TB,GRC,23,0,0,0,0,0,0,0,0,0,0,0,0,0,0,0,0,0,0,0,0,13
rome_num_sex_eq_sum_nb_length_sex_tc_o,Internal check  in TC (the number per sex must be equal to the sum of nb per length per sex),CYP,25,0,0,0,0,0,0,0,0,0,0,0,1,0,1,0,0,0,0,0,1,0
rome_num_sex_eq_sum_nb_length_sex_tc_o,Internal check  in TC (the number per sex must be equal to the sum of nb per length per sex),ESP,1,1,0,1,1,0,0,1,0,0,0,0,0,2,45,42,39,0,0,0,0,52
rome_num_sex_eq_sum_nb_length_sex_tc_o,Internal check  in TC (the number per sex must be equal to the sum of nb per length per sex),ESP,2,0,0,0,0,0,0,0,0,0,0,0,0,0,0,0,0,0,0,0,0,7
rome_num_sex_eq_sum_nb_length_sex_tc_o,Internal check  in TC (the number per sex must be equal to the sum of nb per length per sex),ESP,5,0,0,0,0,0,0,0,1,0,0,0,0,0,55,55,53,0,0,0,0,57
rome_num_sex_eq_sum_nb_length_sex_tc_o,Internal check  in TC (the number per sex must be equal to the sum of nb per length per sex),ESP,6,1,0,0,1,0,1,5,1,0,4,1,0,0,64,76,75,0,0,0,2,99
rome_num_sex_eq_sum_nb_length_sex_tc_o,Internal check  in TC (the number per sex must be equal to the sum of nb per length per sex),FRA,7,1,1,0,0,0,1,1,0,1,2,0,2,1,1,0,0,2,0,0,0,0
rome_num_sex_eq_sum_nb_length_sex_tc_o,Internal check  in TC (the number per sex must be equal to the sum of nb per length per sex),FRA,8,0,0,0,0,0,1,0,0,0,0,1,2,0,1,0,0,1,0,1,1,0
rome_num_sex_eq_sum_nb_length_sex_tc_o,Internal check  in TC (the number per sex must be equal to the sum of nb per length per sex),GRC,20,0,2,0,0,0,1,1,2,0,6,4,5,8,0,15,0,0,0,0,0,13
rome_num_sex_eq_sum_nb_length_sex_tc_o,Internal check  in TC (the number per sex must be equal to the sum of nb per length per sex),GRC,22,2,5,2,1,3,0,2,5,0,31,6,14,10,0,9,0,0,0,0,5,67
rome_num_sex_eq_sum_nb_length_sex_tc_o,Internal check  in TC (the number per sex must be equal to the sum of nb per length per sex),GRC,23,0,0,0,0,0,0,0,0,0,0,0,0,0,0,0,0,0,0,0,0,5
rome_num_sex_eq_sum_nb_length_sex_tc_o,Internal check  in TC (the number per sex must be equal to the sum of nb per length per sex),ITA,10,84,84,85,85,85,84,84,84,67,70,70,70,70,70,70,70,70,70,70,68,0
rome_num_sex_eq_sum_nb_length_sex_tc_o,Internal check  in TC (the number per sex must be equal to the sum of nb per length per sex),ITA,11,0,1,0,0,0,0,0,0,0,0,0,0,0,0,1,0,37,35,1,87,0
rome_num_sex_eq_sum_nb_length_sex_tc_o,Internal check  in TC (the number per sex must be equal to the sum of nb per length per sex),ITA,16,10,1,2,0,0,1,0,1,1,0,6,108,18,18,19,24,9,9,28,14,55
rome_num_sex_eq_sum_nb_length_sex_tc_o,Internal check  in TC (the number per sex must be equal to the sum of nb per length per sex),ITA,17,0,0,0,0,0,0,0,0,0,0,1,0,0,0,0,0,0,0,3,7,5
rome_num_sex_eq_sum_nb_length_sex_tc_o,Internal check  in TC (the number per sex must be equal to the sum of nb per length per sex),ITA,18,70,70,107,112,110,112,111,112,90,90,90,90,90,89,90,90,90,90,90,90,0
rome_num_sex_eq_sum_nb_length_sex_tc_o,Internal check  in TC (the number per sex must be equal to the sum of nb per length per sex),ITA,19,1,43,48,44,57,45,44,45,39,38,39,44,13,4,2,0,6,0,1,2,0
rome_num_sex_eq_sum_nb_length_sex_tc_o,Internal check  in TC (the number per sex must be equal to the sum of nb per length per sex),ITA,9,0,0,0,0,0,0,0,0,0,0,0,0,0,0,1,1,0,0,0,0,0
rome_num_sex_eq_sum_nb_length_sex_tc_o,Internal check  in TC (the number per sex must be equal to the sum of nb per length per sex),MLT,15,0,0,0,0,0,0,0,0,0,0,0,0,0,0,0,0,0,0,0,5,0
rome_shooting_depth_hauling_depth_same_stratum_ta_o,Start depth and end depth of each haul should be in the same stratum,CYP,25,0,0,0,0,0,0,0,0,0,0,0,0,0,0,0,1,0,0,0,0,0
rome_shooting_depth_hauling_depth_same_stratum_ta_o,Start depth and end depth of each haul should be in the same stratum,ESP,1,0,0,0,0,0,2,0,1,5,2,3,2,2,3,4,1,0,0,2,0,2
rome_shooting_depth_hauling_depth_same_stratum_ta_o,Start depth and end depth of each haul should be in the same stratum,ESP,2,0,0,0,0,0,0,0,0,0,0,0,0,0,0,0,0,0,1,1,0,1
rome_shooting_depth_hauling_depth_same_stratum_ta_o,Start depth and end depth of each haul should be in the same stratum,ESP,5,0,0,0,0,0,0,0,0,0,0,0,0,0,0,1,1,2,2,1,0,5
rome_shooting_depth_hauling_depth_same_stratum_ta_o,Start depth and end depth of each haul should be in the same stratum,ESP,6,0,0,1,0,1,0,0,1,2,2,2,0,2,0,1,1,1,2,1,1,2
rome_shooting_depth_hauling_depth_same_stratum_ta_o,Start depth and end depth of each haul should be in the same stratum,FRA,7,2,2,1,2,1,4,3,3,3,3,4,4,6,5,4,8,4,6,5,4,5
rome_shooting_depth_hauling_depth_same_stratum_ta_o,Start depth and end depth of each haul should be in the same stratum,FRA,8,1,3,2,1,2,3,4,3,0,4,4,1,3,2,2,3,2,2,2,3,2
rome_shooting_depth_hauling_depth_same_stratum_ta_o,Start depth and end depth of each haul should be in the same stratum,GRC,20,0,0,1,1,0,1,5,2,0,3,1,1,3,0,1,0,0,0,0,0,0
rome_shooting_depth_hauling_depth_same_stratum_ta_o,Start depth and end depth of each haul should be in the same stratum,GRC,22,6,16,5,5,4,5,5,8,0,6,4,6,6,0,6,0,0,0,0,1,4
rome_shooting_depth_hauling_depth_same_stratum_ta_o,Start depth and end depth of each haul should be in the same stratum,HRV,17,0,0,0,0,0,0,0,0,0,0,0,0,0,0,0,0,0,0,0,4,5
rome_shooting_depth_hauling_depth_same_stratum_ta_o,Start depth and end depth of each haul should be in the same stratum,ITA,10,0,3,3,2,2,0,2,1,2,0,2,2,1,0,2,0,0,0,0,1,0
rome_shooting_depth_hauling_depth_same_stratum_ta_o,Start depth and end depth of each haul should be in the same stratum,ITA,11,7,14,8,5,6,4,2,4,3,6,5,3,2,8,4,4,3,0,0,1,0
rome_shooting_depth_hauling_depth_same_stratum_ta_o,Start depth and end depth of each haul should be in the same stratum,ITA,16,1,2,0,1,0,3,1,0,3,2,3,10,0,3,0,3,3,7,4,4,0
rome_shooting_depth_hauling_depth_same_stratum_ta_o,Start depth and end depth of each haul should be in the same stratum,ITA,17,0,0,0,0,0,0,0,0,1,6,8,8,5,2,2,2,3,6,5,3,4
rome_shooting_depth_hauling_depth_same_stratum_ta_o,Start depth and end depth of each haul should be in the same stratum,ITA,18,1,3,3,1,4,6,5,6,4,5,4,2,2,3,4,3,0,2,0,4,0
rome_shooting_depth_hauling_depth_same_stratum_ta_o,Start depth and end depth of each haul should be in the same stratum,ITA,9,0,0,0,0,0,0,1,0,0,0,0,0,0,0,0,0,0,0,0,0,0
rome_shooting_depth_hauling_depth_same_stratum_ta_o,Start depth and end depth of each haul should be in the same stratum,MLT,15,0,0,0,0,0,0,0,0,0,0,0,3,3,2,1,1,1,5,1,2,1
rome_shooting_eq_hauling_quadrant_o,Check if the haul start in the same quadrant,ESP,1,0,0,0,0,0,0,0,0,0,0,0,0,0,0,0,0,0,0,0,2,0
rome_shooting_eq_hauling_quadrant_o,Check if the haul start in the same quadrant,ESP,6,0,1,0,0,0,0,0,0,1,0,1,0,0,1,1,0,0,1,0,0,0
rome_target_species_from_tb_in_tc_o,Check if all the target species in tb are in tc,ESP,1,1,1,0,0,8,2,1,0,6,0,2,0,1,12,9,3,1,21,2,21,10
rome_target_species_from_tb_in_tc_o,Check if all the target species in tb are in tc,ESP,2,0,0,0,0,0,0,0,0,0,0,0,0,0,0,0,0,0,7,2,5,0
rome_target_species_from_tb_in_tc_o,Check if all the target species in tb are in tc,ESP,5,0,0,0,0,0,0,0,0,1,0,0,0,0,14,17,23,5,3,22,5,6
rome_target_species_from_tb_in_tc_o,Check if all the target species in tb are in tc,ESP,6,0,0,0,0,19,6,4,0,8,0,0,1,14,21,0,0,8,17,81,30,32
rome_target_species_from_tb_in_tc_o,Check if all the target species in tb are in tc,FRA,7,42,22,6,18,34,7,0,3,0,0,0,0,3,6,6,5,3,3,11,13,3
rome_target_species_from_tb_in_tc_o,Check if all the target species in tb are in tc,FRA,8,3,3,5,0,13,1,3,2,0,0,1,2,1,1,7,0,3,0,0,2,1
rome_target_species_from_tb_in_tc_o,Check if all the target species in tb are in tc,GRC,20,1,1,4,1,18,11,5,1,0,5,3,10,3,0,5,0,0,0,0,0,15
rome_target_species_from_tb_in_tc_o,Check if all the target species in tb are in tc,GRC,22,34,11,3,6,45,20,20,11,0,3,3,5,4,0,3,0,0,0,0,12,45
rome_target_species_from_tb_in_tc_o,Check if all the target species in tb are in tc,HRV,17,0,0,0,0,0,0,0,0,0,0,0,0,0,0,0,0,0,0,0,35,15
rome_target_species_from_tb_in_tc_o,Check if all the target species in tb are in tc,ITA,10,27,0,0,2,19,2,2,7,2,0,1,1,1,7,0,2,0,2,0,0,0
rome_target_species_from_tb_in_tc_o,Check if all the target species in tb are in tc,ITA,11,0,16,2,8,66,6,2,19,16,22,24,16,1,1,2,12,12,8,23,14,13
rome_target_species_from_tb_in_tc_o,Check if all the target species in tb are in tc,ITA,16,7,0,0,2,12,1,1,0,0,0,2,1,2,9,2,4,6,7,15,0,12
rome_target_species_from_tb_in_tc_o,Check if all the target species in tb are in tc,ITA,17,0,0,0,0,0,0,0,0,28,27,33,21,13,13,10,14,15,15,28,6,12
rome_target_species_from_tb_in_tc_o,Check if all the target species in tb are in tc,ITA,18,42,0,1,18,58,3,0,0,13,81,27,0,2,13,24,0,0,0,0,0,0
rome_target_species_from_tb_in_tc_o,Check if all the target species in tb are in tc,ITA,19,20,2,1,0,1,0,2,6,6,9,10,6,10,6,3,4,3,4,5,8,5
rome_target_species_from_tb_in_tc_o,Check if all the target species in tb are in tc,ITA,9,85,1,0,4,56,12,16,8,42,30,20,17,17,17,6,5,8,8,28,22,32
rome_target_species_from_tb_in_tc_o,Check if all the target species in tb are in tc,MLT,15,0,0,0,0,0,0,0,0,0,0,0,45,45,46,45,45,45,4,12,12,0
rome_target_species_from_tb_in_tc_o,Check if all the target species in tb are in tc,SVN,17,0,0,0,1,0,1,0,0,0,0,0,0,0,1,0,1,1,0,0,0,0
rome_species_from_tc_in_tb_o,Check if all the species in tc are in tb,CYP,25,0,0,0,0,0,0,0,0,0,0,0,0,3,1,1,0,3,0,4,2,0
rome_species_from_tc_in_tb_o,Check if all the species in tc are in tb,ESP,1,0,1,0,1,0,0,0,0,1,0,7,0,5,0,0,1,0,0,0,0,0
rome_species_from_tc_in_tb_o,Check if all the species in tc are in tb,ESP,5,0,0,0,0,0,0,0,0,1,0,2,0,0,0,0,2,1,0,0,0,0
rome_species_from_tc_in_tb_o,Check if all the species in tc are in tb,ESP,6,0,0,1,1,0,0,0,0,3,2,15,0,18,0,1,0,0,0,0,3,1
rome_species_from_tc_in_tb_o,Check if all the species in tc are in tb,FRA,8,0,0,0,0,0,0,0,0,0,0,0,0,0,0,0,0,0,0,0,1,0
rome_species_from_tc_in_tb_o,Check if all the species in tc are in tb,GRC,22,0,0,0,0,0,0,0,0,0,0,0,1,0,0,0,0,0,0,0,0,0
rome_species_from_tc_in_tb_o,Check if all the species in tc are in tb,GRC,23,0,0,0,0,0,0,0,0,0,0,0,0,0,0,0,0,0,0,0,0,13
rome_species_from_tc_in_tb_o,Check if all the species in tc are in tb,ITA,16,0,0,0,0,0,1,0,0,0,0,0,0,0,0,0,0,0,0,0,0,0
rome_species_from_tc_in_tb_o,Check if all the species in tc are in tb,MLT,15,0,0,0,0,0,0,0,0,0,0,0,0,0,0,0,0,0,0,0,1,0
rome_tot_num_num_per_sex_tb_o,Check if in TB  NB_TOTAL equals NB_F+NB_M+NB_I,CYP,25,0,0,0,0,0,0,0,0,0,0,0,1,0,0,0,0,0,0,0,0,0
rome_tot_num_num_per_sex_tb_o,Check if in TB  NB_TOTAL equals NB_F+NB_M+NB_I,ESP,1,0,0,0,0,0,0,0,0,3,1,0,0,0,0,0,0,0,0,0,0,0
rome_tot_num_num_per_sex_tb_o,Check if in TB  NB_TOTAL equals NB_F+NB_M+NB_I,ESP,6,0,0,0,0,0,0,0,0,0,0,1,0,0,0,0,0,0,0,0,3,0
rome_tot_num_num_per_sex_tb_o,Check if in TB  NB_TOTAL equals NB_F+NB_M+NB_I,FRA,7,1,0,0,0,0,0,0,0,0,0,0,0,0,0,1,0,2,0,4,0,0
rome_tot_num_num_per_sex_tb_o,Check if in TB  NB_TOTAL equals NB_F+NB_M+NB_I,FRA,8,0,0,0,0,0,0,0,0,0,0,0,0,0,0,0,0,1,0,0,0,0
rome_tot_num_num_per_sex_tb_o,Check if in TB  NB_TOTAL equals NB_F+NB_M+NB_I,GRC,20,0,0,0,0,0,0,0,0,0,0,0,0,0,0,0,0,0,0,0,0,1
rome_tot_num_num_per_sex_tb_o,Check if in TB  NB_TOTAL equals NB_F+NB_M+NB_I,GRC,22,0,0,0,0,0,0,0,0,0,0,0,0,0,0,0,0,0,0,0,0,1
rome_tot_num_num_per_sex_tb_o,Check if in TB  NB_TOTAL equals NB_F+NB_M+NB_I,HRV,17,0,0,0,0,0,0,0,0,0,0,0,0,0,0,0,0,0,0,0,1,0
rome_tot_num_num_per_sex_tb_o,Check if in TB  NB_TOTAL equals NB_F+NB_M+NB_I,ITA,11,0,1,0,0,1,0,0,0,0,0,0,0,0,0,0,0,0,0,0,0,0
rome_tot_num_num_per_sex_tb_o,Check if in TB  NB_TOTAL equals NB_F+NB_M+NB_I,ITA,16,0,0,0,0,0,0,0,0,0,47,54,95,93,85,80,95,90,78,0,0,0
rome_tot_num_num_per_sex_tb_o,Check if in TB  NB_TOTAL equals NB_F+NB_M+NB_I,ITA,9,0,0,0,0,0,0,0,0,0,0,0,0,0,0,0,1,0,0,0,0,0
rome_tot_num_num_per_sex_tb_o,Check if in TB  NB_TOTAL equals NB_F+NB_M+NB_I,MLT,15,0,0,0,0,0,0,0,0,0,0,0,0,0,0,0,0,0,0,43,0,0
rome_num_sex_raising_tb_o,Check if in case of sub-sampling in TC the number per sex in TB is raised correctly,CYP,25,0,0,0,0,0,0,0,0,0,0,0,3,0,1,0,1,0,0,0,0,0
rome_num_sex_raising_tb_o,Check if in case of sub-sampling in TC the number per sex in TB is raised correctly,ESP,1,1,0,3,1,0,0,0,0,16,2,1,1,13,45,42,39,3,14,14,0,52
rome_num_sex_raising_tb_o,Check if in case of sub-sampling in TC the number per sex in TB is raised correctly,ESP,2,0,0,0,0,0,0,0,0,0,0,0,0,0,0,0,0,0,3,5,0,7
rome_num_sex_raising_tb_o,Check if in case of sub-sampling in TC the number per sex in TB is raised correctly,ESP,5,0,0,0,0,0,0,0,0,2,0,0,0,1,55,55,53,25,23,37,0,57
rome_num_sex_raising_tb_o,Check if in case of sub-sampling in TC the number per sex in TB is raised correctly,ESP,6,0,0,0,0,0,1,3,0,24,9,1,4,57,64,76,75,26,25,79,8,99
rome_num_sex_raising_tb_o,Check if in case of sub-sampling in TC the number per sex in TB is raised correctly,FRA,7,8,1,1,0,2,3,0,1,0,1,0,0,0,3,1,1,41,3,11,6,0
rome_num_sex_raising_tb_o,Check if in case of sub-sampling in TC the number per sex in TB is raised correctly,FRA,8,0,0,0,0,0,4,0,1,0,0,0,0,1,0,2,0,4,1,3,3,1
rome_num_sex_raising_tb_o,Check if in case of sub-sampling in TC the number per sex in TB is raised correctly,GRC,20,7,0,1,1,8,4,1,4,0,1,1,5,0,0,0,0,0,0,0,0,22
rome_num_sex_raising_tb_o,Check if in case of sub-sampling in TC the number per sex in TB is raised correctly,GRC,22,24,3,58,56,56,57,53,51,0,54,54,54,56,0,58,0,0,0,0,15,67
rome_num_sex_raising_tb_o,Check if in case of sub-sampling in TC the number per sex in TB is raised correctly,HRV,17,0,0,0,0,0,0,0,0,0,0,0,0,0,0,0,0,0,0,0,6,0
rome_num_sex_raising_tb_o,Check if in case of sub-sampling in TC the number per sex in TB is raised correctly,ITA,10,84,84,85,85,85,84,84,84,67,70,70,70,70,70,70,70,70,70,70,68,0
rome_num_sex_raising_tb_o,Check if in case of sub-sampling in TC the number per sex in TB is raised correctly,ITA,11,0,3,0,1,0,0,0,1,0,1,0,0,0,1,4,0,61,56,23,88,15
rome_num_sex_raising_tb_o,Check if in case of sub-sampling in TC the number per sex in TB is raised correctly,ITA,16,0,0,0,0,0,1,0,0,1,0,0,108,0,0,1,0,0,0,94,91,55
rome_num_sex_raising_tb_o,Check if in case of sub-sampling in TC the number per sex in TB is raised correctly,ITA,17,0,0,0,0,0,0,0,0,0,1,1,0,0,0,0,1,0,0,2,0,0
rome_num_sex_raising_tb_o,Check if in case of sub-sampling in TC the number per sex in TB is raised correctly,ITA,18,71,70,107,112,111,112,111,112,90,90,90,90,90,89,90,90,90,90,90,90,0
rome_num_sex_raising_tb_o,Check if in case of sub-sampling in TC the number per sex in TB is raised correctly,ITA,19,50,57,64,63,71,62,65,70,62,64,65,68,67,68,69,70,69,70,1,4,0
rome_num_sex_raising_tb_o,Check if in case of sub-sampling in TC the number per sex in TB is raised correctly,ITA,9,7,12,5,1,0,7,18,4,2,1,1,0,0,4,5,6,2,2,0,1,0
rome_num_sex_raising_tb_o,Check if in case of sub-sampling in TC the number per sex in TB is raised correctly,MLT,15,0,0,0,0,0,0,0,0,0,0,0,0,0,0,0,0,0,0,43,7,0
rome_num_sex_raising_tb_o,Check if in case of sub-sampling in TC the number per sex in TB is raised correctly,SVN,17,0,0,1,1,0,0,0,0,2,0,0,0,0,0,0,0,0,1,0,0,1
small_raising_perc_o,Small raising percentages,CYP,25,0,0,0,0,0,0,0,0,0,0,0,5,14,15,11,15,13,14,14,15,0
small_raising_perc_o,Small raising percentages,ESP,1,2,2,1,6,3,1,5,6,11,10,9,7,16,7,3,4,3,1,6,9,2
small_raising_perc_o,Small raising percentages,ESP,2,0,0,0,0,0,0,0,0,0,0,0,0,0,0,0,0,0,2,1,1,1
small_raising_perc_o,Small raising percentages,ESP,5,0,0,0,0,0,0,0,4,1,0,1,0,1,11,9,7,12,7,9,16,10
small_raising_perc_o,Small raising percentages,ESP,6,2,6,4,8,2,11,15,8,14,6,19,26,23,5,8,9,11,11,5,12,14
small_raising_perc_o,Small raising percentages,FRA,7,22,19,17,3,21,37,39,39,35,25,47,49,45,37,31,28,32,34,13,17,20
small_raising_perc_o,Small raising percentages,FRA,8,5,4,2,0,3,8,6,11,0,13,17,13,13,10,16,15,15,16,11,10,11
small_raising_perc_o,Small raising percentages,GRC,20,0,2,2,1,0,5,10,7,0,7,8,15,10,0,9,0,0,0,0,0,10
small_raising_perc_o,Small raising percentages,GRC,22,6,14,31,35,29,52,40,47,0,56,56,51,54,0,44,0,0,0,0,42,51
small_raising_perc_o,Small raising percentages,GRC,23,0,0,0,0,0,0,0,0,0,0,0,0,0,0,0,0,0,0,0,0,2
small_raising_perc_o,Small raising percentages,HRV,17,0,0,0,0,0,0,0,0,0,0,0,0,0,0,0,0,0,0,0,11,4
small_raising_perc_o,Small raising percentages,ITA,10,0,0,0,0,0,0,0,0,0,0,0,0,0,0,0,0,0,0,0,2,1
small_raising_perc_o,Small raising percentages,ITA,11,17,13,21,12,13,47,27,44,14,30,27,30,25,24,26,16,21,14,6,11,7
small_raising_perc_o,Small raising percentages,ITA,16,7,5,2,0,2,5,3,1,0,0,1,6,12,1,7,7,17,3,10,8,6
small_raising_perc_o,Small raising percentages,ITA,17,0,0,0,0,0,0,0,0,7,9,16,5,7,2,5,4,4,0,54,45,42
small_raising_perc_o,Small raising percentages,ITA,18,1,0,0,0,0,0,0,0,0,0,0,0,0,0,0,0,1,0,0,0,0
small_raising_perc_o,Small raising percentages,ITA,9,1,4,1,0,0,0,0,0,0,0,0,3,2,2,6,4,2,0,0,7,0
small_raising_perc_o,Small raising percentages,MLT,15,0,0,0,0,0,0,0,0,0,0,0,0,0,0,0,0,0,12,7,2,4
small_raising_perc_o,Small raising percentages,SVN,17,0,0,0,0,0,0,0,0,0,0,0,0,0,0,0,0,0,0,0,0,1
